小米,1,小米商城- 小米11、Redmi Note 9、小米MIX Alpha，小米电视 ...,https://www.mi.com/index.html,小米官网直营小米公司旗下所有产品，包括小米手机系列小米11 、小米10 Pro、小米MIX Alpha，Redmi 红米系列Redmi Note 9、Redmi K30，小米电视、 ...,小米 官网 红米 电视 手机
小米,2,小米集團- 维基百科，自由的百科全书,https://zh.wikipedia.org/wiki/%E5%B0%8F%E7%B1%B3%E9%9B%86%E5%9C%98,小米集團（英語：Xiaomi Corporation，簡稱：小米，港交所：1810）是中國一家从事智能硬件和电子产品研发、智能家居生态建设的大型移动互联网企业，成立 ...,小米 智能家居 集團 中國 电子产品
小米,3,小米有品,https://www.xiaomiyoupin.com/,小米有品是小米旗下精品生活电商平台，也是小米“新零售”战略的重要一环。依托小米生态链体系，延续小米的“爆品”模式，致力于将“小米式的性价比”延伸到更广泛 ...,小米 电商 有品 爆品 性价比
小米,4,小米京东自营旗舰店- 京东,https://mi.jd.com/,"小米京东自营旗舰店,提供小米京东自营旗舰店各类正品商品的报价、促销、评论、导购、图片等信息，欢迎您再次光顾小米京东自营旗舰店.",京东 小米 正品 报价 评论
小米,5,小米旗艦館- PChome24h購物 - PChome 線上購物,https://mi.pchomeec.tw/cdn/sites/mi,小米台灣授權的直營網購平台，小米手機、Redmi紅米手機、小米手環、小米盒子、行動電源、掃拖機器人、空氣淨化器...全系列商品，還有不定時商品折扣、刷卡 ...,小米 手機 化器 台灣 網購
小米,6,小米主题商店,https://zhuti.designer.xiaomi.com/,MIUI主题设计师站是帮助小米主题设计师进行个性化创作的平台，这里有便捷高效的主题制作工具和详细的主题制作教程，帮助设计师轻松创建自己的主题。除此之 ...,主题 设计师 教程 小米 个性化
三星,1,三星电子中国| 三星手机| 电视| 笔记本显示器固态硬盘| 冰箱 ...,https://www.samsung.com/cn/,中国三星电子官方网站。让您感受品位生活。在这里您可以找到包括新品Galaxy Galaxy S21 Ultra 5G、Galaxy S21 | S21+ 5G、Galaxy Note 20 | 20 Ultra 5G 在内 ...,新品 官方网站 品位 中国
三星,2,中国三星电子三星网上商城,https://www.samsungeshop.com.cn/,三星手机等产品官方网站.,官方网站 手机 产品
三星,3,三星電子- 维基百科，自由的百科全书,https://zh.wikipedia.org/zh-hans/%E4%B8%89%E6%98%9F%E9%9B%BB%E5%AD%90,三星電子（朝鮮語：삼성전자／三星電子，英語：Samsung Electronics），是三星集團旗下的子公司，韩国最大的消費電子產品及電子元件製造商，亦是全球最大 ...,電子 集團 產品 元件 韩国
三星,4,三星集团- 维基百科，自由的百科全书,https://zh.wikipedia.org/zh-hans/%E4%B8%89%E6%98%9F%E9%9B%86%E5%9B%A2,三星集團（朝鮮語：삼성그룹／三星그룹 Samseong Geurup；英語：Samsung Group）是一家总部設於韩国首尔的国际跨国公司，经营领域涵盖电子、金融业、 ...,集團 跨国公司 金融业 总部 韩国
三星,5,三星京东自营官方旗舰店- 京东,https://mall.jd.com/index-1000003443.html,"三星京东自营官方旗舰店,提供三星京东自营官方旗舰店各类正品商品的报价、促销、评论、导购、图片等信息，欢迎您再次光顾三星京东自营官方旗舰店.",京东 官方 正品 报价 评论
三星,6,【三星手机|三星手机官网|三星手机推荐】-手机中国,https://www.cnmo.com/samsung/,【CNMO视频】作为“超大杯”产品，三星S21 Ultra 5G自然吸引了最多关注的目光。它的影像系统有多强大？双长焦设计究竟给不给力？今天给你答案… 手机 · 单品 ...,双长 单品 视频 答案 目光
三星,7,三星电子的微博_微博 - WEIBO,https://weibo.com/samsungelectronics?refer_flag=1005050010_,多地惊现巨型纸盒？ 真“箱”到底是什么？ 三星电视Unbox & Discover 带你探索一场奇妙开箱之旅快和我们说 ...,开箱 纸盒 电视
雷军,1,雷军- 维基百科，自由的百科全书,https://zh.wikipedia.org/zh-hans/%E9%9B%B7%E5%86%9B,雷军（1969年12月16日－），湖北仙桃人，无党籍，中国大陆企业家、高级软件工程师、天使投资人，小米科技创始人、董事长兼首席执行官，金山软件公司董事 ...,软件 雷军 无党籍 仙桃 小米
雷军,2,雷军的微博_微博 - WEIBO,https://weibo.com/leijun,"雷军，小米创办人，董事长兼CEO；金山软件董事长；天使投资人。。雷军的微博主页、个人资料、相册,武汉大学，金山软件。新浪微博，随时随地分享身边的 ...",雷军 金山 软件 董事长 个人资料
雷军,3,雷军（全国工商联副主席，小米科技创始人、董事长）_百度百科,https://baike.baidu.com/item/%E9%9B%B7%E5%86%9B/1968,雷军，男，汉族，1969年12月16日出生于湖北省仙桃市，无党派，大学学历，理学学士学位，高级工程师。中国大陆著名天使投资人。雷军作为中国互联网代表 ...,雷军 无党派 仙桃市 学历 学士学位
雷军,4,雷军_雷军简介_雷军职业经历_投资界,https://zdb.pedaily.cn/people/show4212/,"小米科技有限责任公司雷军,雷军先生是是天使投资人，主要关注移动互联网、电子商务和社交领域。同时担任小米科技创始人董事长兼CEO、金山软件公司董事长 ...",雷军 小米 董事长 科技 社交
雷军,5,雷军是怎样一个人？ - 知乎,https://www.zhihu.com/question/20615865,2015年12月20日 — 1，雷军是一个非常喜欢喝可乐的人。 雷总微博配图，这杯子里的不会是健怡可乐吧？ 2，雷军是一个非常低调的，接地气的人。 我听说李彦宏，马化腾都是有专门 ...,雷军 李彦宏 雷总微 可乐吧 马化腾
雷军,6,雷军--IT--人民网,http://it.people.com.cn/GB/119390/118341/176282/index.html,雷军，现任金山软件公司董事长，小米科技CEO。曾任金山公司执行董事及董事会副主席，著名天使投资人。2011年7月11日金山软件董事会提名委员会提名雷军出任 ...,雷军 金山 软件 董事会 金山公司
雷军,7,雷军- MBA智库百科,https://wiki.mbalib.com/wiki/%E9%9B%B7%E5%86%9B,雷军——中国大陆著名天使投资人; 为小米科技创始人、董事长兼CEO、 多玩游戏网董事长、金山软件公司董事长*出生日期：1969年12月16日*籍贯：湖北仙桃* ...,董事长 雷军 出生日期 玩游戏 仙桃
雷军,8,雷军_最美奋斗者,http://zmfdz.news.cn/552/index.html,雷军，男，汉族，1969年12月出生，无党派人士，大学学历，湖北仙桃人，小米集团董事长兼首席执行官。全国人大代表、全国工商联副主席。他在科技领域具有 ...,雷军 科技领域 无党派人士 仙桃 小米
雷军,9,自称“一事无成”的雷军是怎么建立小米帝国的？ - 人物- cnBeta ...,https://www.cnbeta.com/articles/tech/1076095.htm,2021年1月11日 — 目前这个阵营中又多了一人，那就是小米公司的创始人雷军。雷军在接受采访时表示自己在四十岁时一无所有，随后表示这番言论并不是“装”，他是 ...,雷军 小米 阵营 言论 创始人
美妆,1,京东美妆,https://beauty.jd.com/,京东JD.COM专业美妆导购平台，专门提供乳液面霜、洁面、爽肤水、精华、眼霜、面膜、套装、香水、彩妆、男士护肤，最新报价、促销、评论、导购、图片等 ...,面霜 彩妆 套装 乳液 护肤
美妆,2,美妆- 知乎,https://www.zhihu.com/topic/19578454,美妆概念运用化妆品和工具，采取合乎规则的步骤和技巧，对人的面部、五官及其他部位进行渲染、描画、整理，增强立体印象，调整形色，掩饰缺陷，表现神采， ...,形色 神采 五官 化妆品 立体
美妆,3,美妆馆 - 亚米网,https://www.yamibuy.com/zh/pages/beauty,亚米网，美妆馆为你提供来自日本，韩国，中国的护肤品，彩妆，面膜等！低价保证，100% 正品保证，品牌官方授权，最全最新亚洲商品，30天无条件退换。,美妆馆 正品 彩妆 护肤品 面膜
美妆,4,淘宝美妆-淘宝网,https://mei.taobao.com/,"{""dynamic"":{""dataUrl"":"""",""dataPara"":{""oeid"":""161000"",""count"":""20"",""baseurl"":""//s.taobao.com/list?seller_type=taobao&cat=50011981,50010788,50071436""} ...",
美妆,5,美妝- BEAUTY美人圈,https://www.beauty321.com/list/2-cosmetics,提供美容保養、美妝髮型、防曬美白、香水香氛新品情報，健康飲食、減肥瘦身、運動健身各種第一手相關資訊。,美白 香氛 情報 飲食 資訊
美妆,6,【美容】化妆品-护肤技巧-美妆知识-ELLE中文网,http://www.ellechina.com/beauty/,ELLE中文网美容频道，提供最新的美容潮流资讯、护肤技巧、美妆知识、化妆品选购，最时尚的潮流发型设计图片。,美容 潮流 发型设计 护肤 频道
美妆,7,美妆相机,http://makeup.meitu.com/,美妆相机，美图秀秀首款化妆手机应用，上线一年用户数破亿，风靡全球20多个国家。借助顶尖人脸识别技术，涵盖时下最流行的裸妆、日韩妆、鬼面妆、搞笑白眼 ...,美图秀 人脸识别 鬼面 用户数 首款
美妆,8,玩美彩妆-AR美妆自拍魔镜- Google Play 上的应用,https://play.google.com/store/apps/details?id=com.cyberlink.youcammakeup&hl=zh&gl=US,2021年2月1日 — 玩美彩妆APP利用领先的AR试妆技术，为您提供实时试妆黑科技！一键上妆，无数大牌边试边买， 更可录制美妆小视频，瞬间化身美妆博主。,小视频 博主 一键 彩妆 大牌
美妆,9,美妆心得APP官网_美容护肤彩妆社区_化妆品点评宝典,http://www.cosmeapp.com/,"美妆心得,为了帮助姐妹们选择自己适合的化妆品。这里汇聚了大量的真实的化妆品点评信息，什么产品好，什么产品不好，完全由姐妹们的口碑说的算。",化妆品 姐妹 产品 口碑 信息
直播,1,虎牙直播_技术驱动娱乐-弹幕式互动直播平台,https://www.huya.com/,虎牙直播是中国领先的弹幕式互动直播平台，累计注册用户2亿，提供游戏在线直播观看、游戏赛事直播与游戏直播，热门手游直播等。包含王者荣耀，绝地求生， ...,游戏 弹幕 手游 虎牙 赛事
直播,2,斗鱼- 每个人的直播平台,https://www.douyu.com/,斗鱼- 每个人的直播平台提供高清、快捷、流畅的视频直播和游戏赛事直播服务，包含英雄联盟lol直播、穿越火线cf直播、dota2直播、美女直播等各类热门游戏赛事 ...,赛事 游戏 斗鱼 高清 火线
直播,3,哔哩哔哩直播，二次元弹幕直播平台,https://live.bilibili.com/,哔哩哔哩（bilibili）直播，在这里看见最年轻的生活方式，学习、游戏、电竞、宅舞、唱见、绘画、美食等等应有尽有，快来捕捉你最喜欢的up主最真实的一面吧！,哔哩 宅舞 美食 游戏 绘画
直播,4,一直播|明星大V 美女帅哥集结地中国社交直播媒体平台,https://www.yizhibo.com/,一直播，一个聚集超高人气明星大咖、美女帅哥、热门网红、校花校草、可爱萌妹的手机直播社交平台，这里有明星直播、花边新闻、才艺展示、生活趣闻、聊天 ...,明星 花边新闻 网红 校草 趣闻
直播,5,直播大全_CCTV节目官网_央视网,https://tv.cctv.com/live/index.shtml,"CCTV节目官网提供CCTV在线直播及中央电视台节目表预告等服务,中央电视台是中国重要的新闻舆论机构,现已开办众多频道及节目,拥有国内一流的播音员和主持人 ...",节目 官网 节目表 播音员 频道
直播,6,直播- YouTube,https://www.youtube.com/channel/UC4R8DWoMoI7CAwX8_LjQHig?itct=CDQQ3BwYACITCP6LiaXq_dMCFcm4qgodd5ANWQ%3D%3D&gl=US&hl=zh-CN&client=mv-google,"16万次观看 直播时间：8小时前. IGN. IGN. IGN Fan Fest will bring you panels for some of the biggest upcoming games, movies, and TV series. Each panel will ...",小时 时间
直播,7,直播- YouTube,https://m.youtube.com/channel/UC4R8DWoMoI7CAwX8_LjQHig?client=mv-google&gl=SG&itct=CEIQ3BwYACITCKrVx6z1j9YCFQvznAod7dQEdQ%3D%3D&hl=zh-CN,与亲朋好友及全世界分享您的视频.,视频 全世界
直播,8,企鹅直播: NBA直播_综合体育视频网站_高清CBA/台球直播在线 ...,http://live.qq.com/,免费看高清NBA直播、NFL橄榄球直播、足球直播、台球直播、CBA、欧冠意甲西甲直播同时还有国家健美冠军直播健身教你减肥练出好身材，更有高颜值美女主播 ...,意甲 颜值 西甲 好身材 橄榄球
直播,9,17LIVE 直播- 華人最佳直播社交App,https://17.live/,17LIVE 直播互動零距離。各式特色才藝直播主分享生活每一刻；多元節目內容免費線上看！,零距 節目 內容 免費線 特色
直播,10,网络直播- 维基百科，自由的百科全书 - Wikipedia,https://zh.wikipedia.org/zh-cn/%E7%B6%B2%E8%B7%AF%E7%9B%B4%E6%92%AD,直播与传统上传自己录影视频最大差异在观众可以透过弹幕留言和主播即时交互，主播可根据观众反馈及时调整节目内容或取悦观众。 目录. 1 概况; 2 特质; 3 ...,观众 弹幕 录影 特质 视频
游戏,1,4399手机游戏网_好玩的手机游戏_手机游戏免费下载,http://www.4399.cn/,4399手机游戏网致力于成为可信赖的手机游戏媒体，为您提供十万海量精品游戏免费下载，前沿手游资讯报道，实用视频攻略秘籍。,手机游戏 手游 秘籍 海量 精品
游戏,2,"休闲游戏,休闲小游戏,休闲游戏大全,4399小游戏",http://www.4399.com/flash_fl/12_1.htm,4399休闲小游戏大全收录国内外各类休闲游戏、敏捷类休闲小游戏、益智休闲小游戏、单机休闲游戏。更多好玩的休闲游戏尽在4399小游戏，好玩就拉朋友们一 ...,小游戏 全收录 敏捷类 益智 单机
游戏,3,网易游戏官网_游戏热爱者,http://game.163.com/,我和你一样，我们都是游戏热爱者。网易在线游戏自主研发运营多款在线游戏，包括《大话西游Ⅱ》、《梦幻西游2》、《新大话西游3 》、《武魂》、《 ...,大话西游 游戏 武魂 梦幻 网易
游戏,4,ZOL游戏库: 【游戏大全】提供免费安全好玩的游戏,https://youxi.zol.com.cn/,"ZOL游戏为玩家提供免费安全好玩的单机游戏、网络游戏、掌机游戏等新闻资讯,游戏下载、游戏视频、游戏攻略、游戏图片等信息,最热门,最经典的游戏信息尽 ...",游戏 单机游戏 掌机 信息 网络游戏
游戏,5,Spark More！去发现，无限可能--腾讯游戏官方网站,https://game.qq.com/,"腾讯游戏成立于2003年,是中国最大的网络游戏社区,也是全球用户最多的数字娱乐平台。全球有超8亿的用户被连接，每天有数亿人次的用户在畅享腾讯游戏产品。",用户 游戏 全球 网络游戏 有数
游戏,6,游戏库_游戏大全_QQ游戏_QQ游戏官网 - 腾讯,https://qqgame.qq.com/appstore/appstore_1_1.shtml,QQ游戏官网，QQ游戏游戏库，展示QQ游戏全部游戏，查询和下载QQ游戏.,游戏 官网 全部
游戏,7,::17173.com::中国游戏门户站,https://www.17173.com/,"17173是中国游戏门户站,全年365天保持不间断更新,您可以在这里获得专业的游戏新闻资讯,完善的游戏攻略专区,人气游戏论坛以及游戏测试账号等,是游戏玩家首选 ...",游戏 门户站 账号 玩家 专区
游戏,8,Steam 上的游戏,https://store.steampowered.com/games/?l=schinese,"4,791个结果 — 浏览Steam 上最新、最热销和打折的PC 游戏. 热销商品. Deep Rock Galactic. -35%. $29.99. $19.49. 最新更新. ARK: Survival Evolved. $49.99.",游戏 商品 结果
游戏,9,免费在线游戏- 玩最好玩的免费游戏就在Poki.cn！,https://poki.cn/,"免费玩在线游戏就在Poki.cn, 终极线上游戏乐园适合所有年龄段的孩子！ 选择你最爱的游戏, 尽享快乐时光！",游戏 年龄段 终极 乐园 时光
游戏,10,游戏（娱乐的方式）_百度百科,https://baike.baidu.com/item/%E6%B8%B8%E6%88%8F/33581,游戏是所有哺乳类动物，特别是灵长类动物学习生存的第一步。它是一种基于物质需求满足之上的，在一些特定时间、空间范围内遵循某种特定规则的，追求精神 ...,动物 灵长类 哺乳类 游戏 规则
腾讯,1,腾讯首页,https://www.qq.com/,腾讯网从2003年创立至今，已经成为集新闻信息，区域垂直生活服务、社会化媒体资讯和产品为一体的互联网媒体平台。腾讯网下设新闻、科技、财经、娱乐、 ...,媒体 新闻 社会化 一体 互联网
腾讯,2,腾讯,https://www.tencent.com/zh-cn,腾讯于1998年11月成立，是一家以互联网为基础的平台公司，通过技术丰富互联网用户的生活，助力企业数字化升级。我们的使命是“用户为本科技向善”。Founded ...,互联网 用户 数字化 助力 平台
腾讯,3,Tencent 腾讯,https://www.tencent.com/,腾讯于1998年11月成立，是一家以互联网为基础的平台公司，通过技术丰富互联网用户的生活，助力企业数字化升级。我们的使命是“用户为本科技向善”。Founded ...,互联网 用户 数字化 助力 平台
腾讯,4,Tencent Video - YouTube,https://www.youtube.com/channel/UCQatgKoA7lylp_UzvsLCgcw,... 马上订阅更多官方频道   ☞ 腾讯视频: http://bit.ly/wetvnew ☞ 腾讯动漫：http://bit.ly/wetvanime ☞ 腾讯视频热播综艺: https://bit.ly/wetvshow ☞ 腾讯视频华语经典 ...,视频 综艺 动漫 频道 经典
腾讯,5,"腾讯控股(00700)股票股价,实时行情,新闻,财报数据_新浪财经_ ...",https://stock.finance.sina.com.cn/hkstock/quotes/00700.html,"新浪财经-港股频道为您提供腾讯控股(00700)股票股价,实时行情,新闻,财报,研究报告,财务指标分析等与腾讯控股(00700)股票相关的信息与服务.",财报 财务指标 股票 频道 港股
腾讯,6,腾讯_百度百科,https://baike.baidu.com/item/%E8%85%BE%E8%AE%AF,深圳市腾讯计算机系统有限公司成立于1998年11月，由马化腾、张志东、许晨晔、陈一丹、曾李青五位创始人共同创立。 是中国最大的互联网综合服务提供商之一 ...,马化腾 张志东 许晨晔 陈一丹 曾李青
腾讯,7,‎App Store 上的“腾讯视频-创造营2021独播” - App Store - Apple,https://apps.apple.com/cn/app/%E8%85%BE%E8%AE%AF%E8%A7%86%E9%A2%91-%E5%88%9B%E9%80%A0%E8%90%A52021%E7%8B%AC%E6%92%AD/id458318329,5 天前 — 阅读评论、比较用户评分、查看截屏并进一步了解“腾讯视频-创造营2021独播”。在iPhone、iPad 和iPod touch 上下载“腾讯视频-创造营2021独播” ...,视频 截屏 评分 用户 评论
新浪,1,新浪首页,https://www.sina.com.cn/,新浪网为全球用户24小时提供全面及时的中文资讯，内容覆盖国内外突发新闻事件、体坛赛事、娱乐时尚、产业资讯、实用信息等，设有新闻、体育、娱乐、财经、 ...,资讯 实用信息 新闻 体坛 赛事
新浪,2,新浪邮箱,https://mail.sina.com.cn/,新浪邮箱，提供以@sina.com和@sina.cn为后缀的免费邮箱。2G超大附件和50M普通附件，容量5G至无限大，整合新浪微博应用，支持客户端收发，更加安全， ...,附件 免费邮箱 客户端 后缀 邮箱
新浪,3,手机新浪网,https://sina.cn/,手机新浪网是新浪网的手机门户网站，为亿万用户打造一个手机联通世界的超级平台，提供24小时全面及时的中文资讯，内容覆盖国内外突发新闻事件、体坛赛事、 ...,手机 体坛 门户网站 赛事 用户
新浪,4,新浪新闻_手机新浪网,https://news.sina.cn/,手机新浪网新闻中心，新浪网新闻中心是新浪网最重要的频道之一，24小时滚动报道国内、国际及社会新闻。每日编发新闻数以万计。新浪新闻触屏版- ...,新闻 中心 频道 手机 小时
新浪,5,北美新浪,https://www.sina.com/,致广大尊敬的用户：. 很遗憾地通知您，即日起北美新浪网停止新闻更新。 如需浏览新闻请点击跳转至北京新浪网​​​​：https://www.sina.com.cn. 如无任何操作， ...,新闻 北美 用户 北京
新浪,6,微博-随时随地发现新鲜事,http://weibo.com/login.php,... 因病救治无效去世，享年69岁。田启文接受采访时称吴孟达在三四分钟之前离开人世。 [蜡烛] ​ ​​​​. 新浪娱乐 2月27日17:26 ñ493158 131673 155458 ...,田启文 时称 吴孟达 人世 蜡烛
新浪,7,新浪- 维基百科，自由的百科全书,https://zh.wikipedia.org/zh-hans/%E6%96%B0%E6%B5%AA,新浪（NASDAQ：SINA）是中国门户网站公司，一家服务中国大陆及全球华人社群的中文网络内容服务提供商。新浪與腾讯、搜狐和网易並稱中国四大门户网站， ...,门户网站 全球华人 社群 服务提供商 中国
新浪,8,新浪企业邮箱-十年运营、专业服务,https://mail.sina.net/,"新浪企业邮箱安全、稳定、快速，十年企业邮箱运营经验，系统安全稳定,国际顶级反垃圾引擎,优异的海外通讯能力,高品质客户服务.新浪企业邮箱免费试用.",企业邮箱 反垃圾 高品质 顶级 客户服务
新浪,9,新浪| 领英,https://cn.linkedin.com/company/sina-corporation,新浪公司是一家服务于中国及全球华人社群的领先网络媒体公司。新浪通过门户网站新浪网（SINA.com）、新浪移动（移动门户及移动应用）和社交媒体微 ...,全球华人 社群 网络媒体 门户网站 社交
新浪,10,‎App Store 上的“新浪新闻-热门头条资讯视频抢先看”,https://apps.apple.com/cn/app/%E6%96%B0%E6%B5%AA%E6%96%B0%E9%97%BB-%E7%83%AD%E9%97%A8%E5%A4%B4%E6%9D%A1%E8%B5%84%E8%AE%AF%E8%A7%86%E9%A2%91%E6%8A%A2%E5%85%88%E7%9C%8B/id299853944,2021年2月7日 — 阅读评论、比较用户评分、查看截屏并进一步了解“新浪新闻-热门头条资讯视频抢先看”。在iPhone、iPad 和iPod touch 上下载“新浪新闻-热门头条 ...,头条 热门 截屏 新闻 评分
网易云,1,网易云音乐,https://music.163.com/,网易云音乐是一款专注于发现与分享的音乐产品，依托专业音乐人、DJ、好友推荐及社交功能，为用户打造全新的音乐生活。,音乐 社交 好友 网易 用户
网易云,2,网易数帆-专注企业数字化未来,https://www.163yun.com/,网易数帆是网易旗下品牌，专注云计算、大数据、AI平台、测试平台等产品服务，为企业提供数字化转型新动力.,网易 平台 新动力 数字化 转型
网易云,3,‎App Store 上的“网易云音乐-音乐的力量” - App Store - Apple,https://apps.apple.com/cn/app/%E7%BD%91%E6%98%93%E4%BA%91%E9%9F%B3%E4%B9%90-%E9%9F%B3%E4%B9%90%E7%9A%84%E5%8A%9B%E9%87%8F/id590338362,阅读评论、比较用户评分、查看截屏并进一步了解“网易云音乐-音乐的力量”。在iPhone、iPad 和iPod touch 上下载“网易云音乐-音乐的力量”，尽享App 丰富功能。,音乐 网易 截屏 力量 评分
网易云,4,网易云音乐- 维基百科，自由的百科全书,https://zh.wikipedia.org/zh-hans/%E7%BD%91%E6%98%93%E4%BA%91%E9%9F%B3%E4%B9%90,网易云音乐（英語：NetEase Cloud Music）是中国网易公司自2013年4月23日基於網易雲服務推出的一个音乐平台，除了提供主要的音乐播放、下载与查找服务 ...,音乐 網易雲 网易公司 网易 平台
网易云,5,网易云音乐重磅上线7.0版本发现音乐更高效-新华网,http://www.xinhuanet.com/tech/2020-01/06/c_1125427778.htm,2020年1月6日 — 网易云音乐7.0版本极大提升发现音乐的效率，不仅为用户提供更加优质音乐体验，也为长尾音乐带来更多可能性。 首页全面焕新发现你的宝藏音乐.,音乐 长尾 宝藏 网易 版本
网易云,6,网易云音乐-小米应用商店,https://app.mi.com/details?id=com.netease.cloudmusic,"3 天前 — 小米应用商店提供网易云音乐免费下载,超8亿用户推荐，口碑爆棚的音乐APP！畅听正版： 《歌手·当打之年》、《朋友请听好》等多档综艺独家 ...",音乐 爆棚 综艺 小米 歌手
网易云,7,网易云音乐- Google Play 上的应用,https://play.google.com/store/apps/details?id=com.netease.cloudmusic&hl=zh&gl=US,3亿用户推荐，口碑爆棚的音乐APP！ 畅听正版： 跨界歌王2、《欢乐颂2》OST、我想和你唱、朴树全新专辑等独家音源！新增快乐男声版权。 【千万曲库】，超 ...,朴树 音源 跨界 男声版 曲库
网易云,8,网易云音乐的微博_微博,https://weibo.com/163music,网易云音乐，网易云音乐官方微博。网易云音乐的微博主页、个人资料、相册。新浪微博，随时随地分享身边的新鲜事儿。,网易 音乐 个人资料 主页 官方
网易云,9,网易云音乐下载|网易云音乐电脑版下载- 华为云,https://www.huaweicloud.com/articles/01eaba9904123e8dc67f2e8cd6520f1b.html,据记忆开始接触音乐软件的时候就是酷狗音乐，后来慢慢发现周围的人都是用网易云音乐。之前没有很在意，随着朋友圈分享歌曲越来越多的来自网易云音乐，自己 ...,音乐 网易 朋友圈 酷狗 歌曲
网易云,10,网易云音乐 - Facebook,https://m.facebook.com/profile.php?id=825553294147940,网易云音乐. 187 likes. 网易云音乐（NetEase Cloud Music）是中国网易公司自2013年4月23日推出的一个音乐平台，除了提供主要的音乐播放、下载与查找服务外 ...,音乐 网易 网易公司 平台 中国
酷狗,1,酷狗音乐,http://www.kugou.com/,Kugou音你而酷. 非常抱歉，该功能受法律保护仅对中国大陆地区的用户开放，给您造成的不便深感遗憾。 如果您在中国大陆地区却受访问限制，请检查是否使用了 ...,大陆 地区 用户 中国 法律
酷狗,2,‎App Store 上的“酷狗音乐-6000万正版曲库” - App Store - Apple,https://apps.apple.com/cn/app/%E9%85%B7%E7%8B%97%E9%9F%B3%E4%B9%90-6000%E4%B8%87%E6%AD%A3%E7%89%88%E6%9B%B2%E5%BA%93/id472208016,2021年2月5日 — 阅读评论、比较用户评分、查看截屏并进一步了解“酷狗音乐-6000万正版曲库”。在iPhone、iPad 和iPod touch 上下载“酷狗音乐-6000万正版曲库” ...,酷狗 曲库 音乐 截屏 评分
酷狗,3,酷狗音乐- 维基百科，自由的百科全书,https://zh.wikipedia.org/zh-hans/%E9%85%B7%E7%8B%97%E9%9F%B3%E4%B9%90,酷狗音乐（KuGou）是一款P2P音乐共享软件及音频媒体播放软件，可以实现音乐和音乐MV的搜索、下载和播放。酷狗隶属于腾讯音乐娱乐（广州）有限公司（ ...,音乐 酷狗 音频 隶属于 软件
酷狗,4,酷狗音乐-小米应用商店,https://app.mi.com/details?id=com.kugou.android,"2021年2月3日 — 小米应用商店提供酷狗音乐免费下载,【酷狗音乐线上演唱会】每周末锁定酷狗音乐，无论你身处何处，都可以在音乐现场，感受现场沉浸式体验！",酷狗 音乐 现场 演唱会 小米
酷狗,5,在线音乐战火重燃： 网易云音乐和酷狗音乐谁“山寨”了谁-新华网,http://www.xinhuanet.com/fortune/2021-02/03/c_1127056951.htm,2021年2月3日 — 随后，酷狗音乐副总裁谢欢在朋友圈发文疑似回应此事：“原来我2006年做的QQ一起听功能，竟然有如此深远的战略意义，找到当年的需求文档回味 ...,朋友圈 酷狗 谢欢 文档 战略意义
酷狗,6,酷狗音乐_百度百科,https://baike.baidu.com/item/%E9%85%B7%E7%8B%97,酷狗给予用户人性化功能，实行多源下载，提升下载速度，更快更高效率的下载歌曲。国内最先提供在线试听功能，方便用户选择性的下载，减少下载不喜欢的歌曲 。,歌曲 用户 酷狗 功能 高效率
酷狗,7,酷狗音乐的微博_微博 - Weibo,http://weibo.com/ikugou,酷狗直播，一个真正唱歌的直播平台。即点即唱，... +关注.,酷狗 唱歌 平台
虾米,1,音螺·数字音乐新场景 - 虾米音乐,https://conch.xiami.com/,音螺CONCH MUSIC. 音螺是基于虾米音乐的版权曲库能力，实现音乐内容管理、分发的专业平台。现已与数十家顶级商业平台实现音乐内容分发合作。不仅可以使 ...,音螺 音乐 平台 曲库 虾米
虾米,2,虾米音乐何以黯然离场？-新华网,http://www.xinhuanet.com/ent/2021-01/13/c_1126976396.htm,2021年1月13日 — 虾米音乐何以黯然离场？ ---虾米音乐近日发布官方声明，由于业务调整，虾米音乐播放器业务将于2021年2月5日正式停止服务。随着版权意识的 ...,虾米 音乐 播放器 业务 版权
虾米,3,虾米音乐- 维基百科，自由的百科全书,https://zh.wikipedia.org/zh-hans/%E8%99%BE%E7%B1%B3%E9%9F%B3%E4%B9%90,虾米音乐是中国一个的以提供MP3格式音乐的推荐、发布、P2P下载服务，以及线下音乐活动等互动内容的网站。2013年被阿里巴巴集团全资收购，为阿里巴巴旗下 ...,音乐 虾米 线下 格式 全资
虾米,4,虾米一场告别会，说尽音乐平台的骨感现实|虾米音乐_新浪科技 ...,https://finance.sina.com.cn/tech/2021-02-05/doc-ikftssap4113978.shtml?qq-pf-to=pcqq.c2c,2021年2月5日 — 虾米已矣，前行者依然艰难文：张梓清刘以秦春节前夕，阿里巴巴旗下的流媒体播放平台虾米音乐等来了自己最后的大限。2月5日，虾米永久关闭 ...,虾米 刘以秦 流媒体 大限 音乐
虾米,5,‎App Store 上的“虾米音乐-发现音乐新世界” - App Store - Apple,https://apps.apple.com/cn/app/%E8%99%BE%E7%B1%B3%E9%9F%B3%E4%B9%90-%E5%8F%91%E7%8E%B0%E9%9F%B3%E4%B9%90%E6%96%B0%E4%B8%96%E7%95%8C/id595594905,虾米电台： 原AI电台全面升级，沉浸式音乐播放形式给你全新感官体验； 猜你喜欢、听见不同以及其他随心听电台 ...,电台 虾米 感官 体验 音乐
虾米,6,虾米音乐关停：网友泪崩一代人的青春落幕|高晓松|老狼_网易科技,https://tech.163.com/21/0106/09/FVL7ULF7000999D8.html,2021年1月6日 — 在虾米音乐的官方微博下，粉丝的留言还在持续增长，表达不舍之情。 如果从1999年九天音乐、星空等国内最早一批数字音乐网站开始算起，数字 ...,数字 博下 九天音乐 虾米 不舍
虾米,7,虾米音乐_百度百科,https://baike.baidu.com/item/%E8%99%BE%E7%B1%B3%E9%9F%B3%E4%B9%90,虾米音乐是专业的音乐内容发现及消费平台，依托曲库全、分类细，同时致力于扶持原创音乐，2014年起，启动原创音乐扶持项目——寻光计划。2021年1月5日， ...,音乐 曲库 寻光 原创 虾米
虾米,8,虾米音乐APP将于2月5日关停，一代人的音乐回忆落幕| 每经网,http://www.nbd.com.cn/articles/2021-01-05/1588797.html,2021年1月5日 — 对此，虾米官方回应称，虾米音乐未来将转向更多音乐商业场景服务，“我们将依托新成立的'音螺'平台持续探索创新，服务音乐人及业内合作伙伴” ...,虾米 音乐 音螺 合作伙伴 场景
虾米,9,虾米音乐一个月后关停我的听歌记录和个人信息怎么办？_服务,http://www.sohu.com/a/442673075_161795,2021年1月5日 — 虾米还强调，保存期限到期后将删除或匿名化处理服务过程中收集的用户信息。 停止服务后，用户将不能继续查看和使用在虾米音乐创建的歌单、 ...,虾米 用户 歌单 期限 音乐
虾米,10,虾米音乐的微博_微博 - Weibo,http://weibo.com/n/%E8%99%BE%E7%B1%B3%E9%9F%B3%E4%B9%90,Ü 简介： 虾米音乐，专业又懂你的泛音乐平台。拥有超过2000万的正版音乐曲库音乐，分类专业、推荐精准，上万名原创音... T ...,音乐 专业 曲库 虾米 精准
,1,音螺·数字音乐新场景 - 虾米音乐,https://conch.xiami.com/,音螺CONCH MUSIC. 音螺是基于虾米音乐的版权曲库能力，实现音乐内容管理、分发的专业平台。现已与数十家顶级商业平台实现音乐内容分发合作。不仅可以使 ...,音螺 音乐 平台 曲库 虾米
,2,虾米音乐何以黯然离场？-新华网,http://www.xinhuanet.com/ent/2021-01/13/c_1126976396.htm,2021年1月13日 — 虾米音乐何以黯然离场？ ---虾米音乐近日发布官方声明，由于业务调整，虾米音乐播放器业务将于2021年2月5日正式停止服务。随着版权意识的 ...,虾米 音乐 播放器 业务 版权
,3,虾米音乐- 维基百科，自由的百科全书,https://zh.wikipedia.org/zh-hans/%E8%99%BE%E7%B1%B3%E9%9F%B3%E4%B9%90,虾米音乐是中国一个的以提供MP3格式音乐的推荐、发布、P2P下载服务，以及线下音乐活动等互动内容的网站。2013年被阿里巴巴集团全资收购，为阿里巴巴旗下 ...,音乐 虾米 线下 格式 全资
,4,虾米一场告别会，说尽音乐平台的骨感现实|虾米音乐_新浪科技 ...,https://finance.sina.com.cn/tech/2021-02-05/doc-ikftssap4113978.shtml?qq-pf-to=pcqq.c2c,2021年2月5日 — 虾米已矣，前行者依然艰难文：张梓清刘以秦春节前夕，阿里巴巴旗下的流媒体播放平台虾米音乐等来了自己最后的大限。2月5日，虾米永久关闭 ...,虾米 刘以秦 流媒体 大限 音乐
,5,‎App Store 上的“虾米音乐-发现音乐新世界” - App Store - Apple,https://apps.apple.com/cn/app/%E8%99%BE%E7%B1%B3%E9%9F%B3%E4%B9%90-%E5%8F%91%E7%8E%B0%E9%9F%B3%E4%B9%90%E6%96%B0%E4%B8%96%E7%95%8C/id595594905,虾米电台： 原AI电台全面升级，沉浸式音乐播放形式给你全新感官体验； 猜你喜欢、听见不同以及其他随心听电台 ...,电台 虾米 感官 体验 音乐
,6,虾米音乐关停：网友泪崩一代人的青春落幕|高晓松|老狼_网易科技,https://tech.163.com/21/0106/09/FVL7ULF7000999D8.html,2021年1月6日 — 在虾米音乐的官方微博下，粉丝的留言还在持续增长，表达不舍之情。 如果从1999年九天音乐、星空等国内最早一批数字音乐网站开始算起，数字 ...,数字 博下 九天音乐 虾米 不舍
,7,虾米音乐_百度百科,https://baike.baidu.com/item/%E8%99%BE%E7%B1%B3%E9%9F%B3%E4%B9%90,虾米音乐是专业的音乐内容发现及消费平台，依托曲库全、分类细，同时致力于扶持原创音乐，2014年起，启动原创音乐扶持项目——寻光计划。2021年1月5日， ...,音乐 曲库 寻光 原创 虾米
,8,虾米音乐APP将于2月5日关停，一代人的音乐回忆落幕| 每经网,http://www.nbd.com.cn/articles/2021-01-05/1588797.html,2021年1月5日 — 对此，虾米官方回应称，虾米音乐未来将转向更多音乐商业场景服务，“我们将依托新成立的'音螺'平台持续探索创新，服务音乐人及业内合作伙伴” ...,虾米 音乐 音螺 合作伙伴 场景
,9,虾米音乐一个月后关停我的听歌记录和个人信息怎么办？_服务,http://www.sohu.com/a/442673075_161795,2021年1月5日 — 虾米还强调，保存期限到期后将删除或匿名化处理服务过程中收集的用户信息。 停止服务后，用户将不能继续查看和使用在虾米音乐创建的歌单、 ...,虾米 用户 歌单 期限 音乐
,10,虾米音乐的微博_微博 - Weibo,http://weibo.com/n/%E8%99%BE%E7%B1%B3%E9%9F%B3%E4%B9%90,Ü 简介： 虾米音乐，专业又懂你的泛音乐平台。拥有超过2000万的正版音乐曲库音乐，分类专业、推荐精准，上万名原创音... T ...,音乐 专业 曲库 虾米 精准
