小米 site:zhihu.com,1,小米作了哪些恶? - 知乎,http://www.baidu.com/link?url=-haWuR7ruHueDx8fe8PVyrBsb2DDhpJhV7TnxqPOPt7lCYEBT5gW0_18N8BechUrENVLWv0dddFhwSm7iWSs_q,"2019年4月5日 编辑于 2019-04-05 收起​ 凡大喵2018-08-04 小米推荐的,雷了我10w ly43272018-08-05 推送这个,太害人打开App 查看更多评论 继续浏览内容 知乎 发现更大的...",小米 害人 评论 编辑 内容
小米 site:zhihu.com,2,小米是一家什么样的公司? - 知乎,http://www.baidu.com/link?url=bTMiY4t8qkUfjTUttKKi-UKomKgGP1UV7BzzABhJPNBrOujF2zGYioMP9QSUCtebMgHS0d_Fw2vV7cTLeKn6jq,"2018年3月11日 大家会发现,小米投资的互联网企业会越来越多,雷军说五年之内要投资一百家,现今已经投资了25家了,而它投资的互联网企业,在小米商城里销售自家的商品,小米帮助它们打...",小米 互联网 雷军 商城 企业
小米 site:zhihu.com,3,小米科技 - 知乎,http://www.baidu.com/link?url=qcp9ofy7sVBcNZ-MkxzQSaCWrYo_y7SXwPV90SBGWuWYh-xHg1Jlj8NGA6Vb-bXY,"这两部手机其实很好选,因为从销量上看,大多数人都直接选择了小米11,而不是IQOO 7。 小米11的21天破百万的战绩摆在这儿,也确实是产品力足够强才…阅读全文​...",小米 天破 战绩 全文 销量
小米 site:zhihu.com,4,小米到底有多少产品? - 知乎,http://www.baidu.com/link?url=tpuvh0pEIK2Ys8axLj6TIoi5FskUzAjGqsYd-lr1SqVagHeTriwCc1Cl0ARcb-GBnHwgyYp31yVq4wN_7t1DKSpi8S3vm5n8dJmwndEh0uG,"2016年12月9日 一提到小米,最广为人知的当然是小米手机啦。从小米1到红米、从红米到小米MIX,迄今为止,小米一共发布了…",小米 手机
小米 site:zhihu.com,5,小米(粮食) - 知乎,http://www.baidu.com/link?url=qqjqQrVXGV9PVoaxLhFTtmrdSeKC3Uj7hauj542QEAVo_aqfBv5oVMvz6dbaLa1FrtORlRZTh-gzVKiAM8xfoq,"是。 你把含有淀粉的小米(或者其他大米什么的)煮成一锅黏糊糊的东西,这个过程叫做“糊化”。 糊化机理是淀粉粒是由众多的葡萄糖分子组成的“胶束”集合体…阅读...",淀粉 粒是 黏糊糊 集合体 小米
小米 site:zhihu.com,6,小米真的有那么好吗? - 知乎,http://www.baidu.com/link?url=s1NGRRwqiI8wbDA4_biVYmyGz81vdMcVtx1B_lraIVZLFvul5uWGpAMromFMMbkSbWDnj5o47oJvwpOaUB_ELHWzBH27B3KZ0Dmvp96H9NO,"4天前 先给大家看一张图片这就是刚发布不久的红米9A,只需要499元。我查了查,主流国产手机厂商HMOV,除了小米…",红米 国产手机 小米 厂商 图片
小米 site:zhihu.com,7,小米公司 - 知乎,http://www.baidu.com/link?url=Cn4_i4GKc4JhlXgbMv7ZB72TBKPNKU35t1J3dP_e4Ov7pg3RScdk0sFbQEIb4ACDPcxQeZqeX0KQ5c-eScfe7q,"小米公司 探索黑科技,为发烧而生。 【小米集团2019年财报:逆势增长、稳超预期】 总收入2058亿元,调整后净利115亿元,超市场预期。全年研发投入75亿元,近4年研发费用...",小米 财报 总收入 净利 费用
小米 site:zhihu.com,8,如何评价小米公司? - 知乎,http://www.baidu.com/link?url=P1ec1zHjuGDqI2PUZ_ejxBFLdxDnWTBFZ4KTH1iXesRdN5rUqVJ3KjaRd17Kes0O0W6spMmVMRFYcuMWKDq6Ya,"2019年9月9日 在小米科技行业日趋成熟的势头之下,又向服装,家居,雨伞等行业进军,甚至推出了小米泡面!虽说小米被评…",小米 泡面 雨伞 行业 家居
小米 site:zhihu.com,9,小米- 知乎,http://www.baidu.com/link?url=htaUTI6BxwnDLE1MuFy64LcxsJo8xrzUhv3_iVoYpQrF1cqNPAweCfUcvq1ug9bVZ-LwqOljHz4986HWXBauGa,"2020年11月23日 小米的职业规划课① ‖ 写给文科生的职业规划视角、方法以及路径 小米 媒体人/北京在地文化体验/文科生职业规划 严禁转载!严禁转载! 熟悉我的人,可能知道这两年多...",职业规划 文科生 小米 视角 路径
小米 site:zhihu.com,10,"小米的质量,到底怎么样??? - 知乎",http://www.baidu.com/link?url=NLBNufEnb-nCh9e_60WdPmhRmHiLDJS_lonruE-DquJAHmUBWzBDxfWjgIFjxJjf,"2017年6月28日 小米在2015年8月13日发布了红米Note 2,在发布会上并未宣传屏幕提供厂商,在开售时在(京东、国美等)宣传的屏幕是夏普/友达,而实际红米Note 2采用的国产天马屏幕,...",屏幕 红米 夏普 京东 天马
小米 site:jianshu.com,1,小米- 简书,http://www.baidu.com/link?url=mL48jxpZJLNk7HBC9yO92z9NbR6FWQfoYzbc9IrP8SRmMgT2m3sBRtqv1KudHygC1EyG-4ylMT64BfT6jHGzjK,"2017年12月21日 2008年我家的'小米'～因为他半夜23点多生的,又是属鼠的,所以就起了这个小名。但是没成想与中国互联网界一个传奇的科技公司同名。很荣幸,咋没早商标注册?我的...",互联网界 商标注册 小名 荣幸 小米
小米 site:jianshu.com,2,一文看懂小米生态链 - 简书,http://www.baidu.com/link?url=7PWQ9pJkJagvmGNQiwlJO_SR3IfX63UbJKnP_p1uqiJoGnmFXFuiu3my2buvQTEs,"2017年6月30日 以上万马奔腾、百舸争流的态势,被小米生态链总结为“竹林效应”,这是很精辟的高度概括。 群体协同形成1+1+1>3效应。在生态链产品品类丰富多样、价格低廉的情况下...",生态 效应 价格低廉 品类 小米
小米 site:jianshu.com,3,小米官网 - 简书,http://www.baidu.com/link?url=GnAYBEwYB15zIGmXmIYp9DocFY2y8EUjRp7JAGkJaZTaPeb5RlrREghVBpLQ8rfq,"2018年1月13日 小米官网 关注了作者 · 2018.01.13 15:19  关注 因心如月  写了95422 字,被 7324 人关注,获得了 1296 个喜欢 我自风情万种,与世无争。微信:因心如月...",因心 官网 小米 作者
小米 site:jianshu.com,4,小米跌了 - 简书,http://www.baidu.com/link?url=Poe9mjB2wFt7Xpyyj3L1tIrR3-mM7s50qIv18dEve8TtzV-xRLG29mWoIyzUVntP,"6天前 周五消息称小米造车。如果了解小米,了解雷军的投资者,会判断出这个消息的可靠性。 退一万步说,小米和雷军改变了想法,真的去造车。仅从这一则消息盲目...",小米 消息 雷军 造车 和雷军
小米 site:jianshu.com,5,小米各系列热门机型报价 - 简书,http://www.baidu.com/link?url=EY6Hr9r2_Im3e0W9yVwehpat8HK9TCK62mTm6rD7_LzBIrKwJZV6UKq5lYgYQcAe,"2019年4月13日 各位看官老爷晚上好,今天的更新主要给大家介绍一下小米现在比较热门的机型。大家知道,小米一直是主打性价比的厂商,在业内也获得了物美价廉的美称,那么我们现在就来...",小米 官老爷 大家 主打 美称
小米 site:jianshu.com,6,"小米的2017,涅槃或沉沦 - 简书",http://www.baidu.com/link?url=hlChCLdjbB-IPaJDajfc2RLYexdBwwmkrj1DisUXdKErTXSoBbNvs7RG3C7aBG2K,"2017年4月18日 摩托罗拉、诺基亚、黑莓、苹果、三星、索爱、LG,国产的机器中,波导、厦华、中兴、魅族、联想、HTC、小米、华为、OPPO、Vivo等等,都曾经引领过潮流。",索爱 魅族 黑莓 华为 小米
小米 site:jianshu.com,7,小米公司分析 - 简书,http://www.baidu.com/link?url=xA0Mva0_ijd7g72w-ZmncQJ8YqjhH4my-n-o0fgyaoY0kwVe6fMryP4iftzyV03v,"2019年3月6日 本文作者:郭新海,西安石油大学计算机网络工程专业学生,酷爱产品相关。1、小米:独角兽的非凡之路 小米公司正式成立于2010 年4 月,是一家以手机、智能硬...",小米 独角兽 新海 计算机网络 智能
小米 site:jianshu.com,8,小米集团首份“非失真”财报出炉(附点评) - 简书,http://www.baidu.com/link?url=wurhhVMGVY2tKKqL8cGBQDxikhbGoZ34Elw7cDw9Suk32wzMfn2JInfB54_9RYop,"2018年11月20日 --新经济公司研究系列专栏--小米集团-- 作者:崔澎、倪贤豪 指导:谭莹 数据支持:鲸准洞见 2018年11月19日,小米集团公开披露了2018年三季报。 .01.第一份“...",小米 崔澎 倪贤豪 谭莹 鲸准
小米 site:jianshu.com,9,米小米7 - 简书,http://www.baidu.com/link?url=WqaeHoL_LUkJgr-Yf30oD7hBROSaBrHB1JXoCp2YE_gDlwzOnSB-wGkmDI9KORlQ,"7天前 米小米7 16 关注  1 粉丝  60 文章  46641 字数  10 收获喜欢  5 总资产 文章 动态 最新评论 热门2021-02-21  每一个人都有一双发现美的眼睛, 只是认同...",文章 美的 粉丝 小米 热门
小米 site:jianshu.com,10,小米说 - 简书,http://www.baidu.com/link?url=V6DX3ZUvqv7Zr9O0lR856cKcYFdirCe8sQTD3cU59-0AktVF-bvS-DfBkgmNrFC8,"终于过了这阵风,小米也来聊聊关于父母以及母亲节二三事。...  55 0 0 2016.05.10 15:13 我足以与你相配  恋爱中只送过男友白玫瑰,不知道他们是否知道花语...",母亲节 白玫瑰 阵风 男友 小米
小米 site:,1,"小米商城 - 小米10 Pro、Redmi K30 Pro、小米MIX Alpha,小...",http://www.baidu.com/link?url=JRiLaR-LV456cpobR1YUQAZ5b-Q5KWrRNVz54c-WCwu,"小米官网直营小米公司旗下所有产品,包括小米手机系列小米10 Pro 、小米9、小米MIX Alpha,Redmi 红米系列Redmi 10X、Redmi K30,小米电视、笔记本、米家智能家居等,...",小米 智能家居 官网 红米 笔记本
小米 site:,2,小米开放平台 - 首页,http://www.baidu.com/link?url=fId-EQF4HekZ2SWVwBh3GoysCsOrwYmFRDpyQsWB8ToayijpzGYeA8F6OOsf_iit,"小米开放平台,包括小米应用商店的官方开发者后台以及其它服务,免费提供应用收录、上架服务。开发者可以在这里提交、上传和更新安卓应用与安卓游戏,同时也为开发者适配...",开发者 安卓 小米 后台 商店
小米 site:,3,小米社区,http://www.baidu.com/link?url=rsNVq2wN1hu30QHLqx0N3cVf4xzeVuPVXsM14weikyBIDeP1WEIs6wmQnCKL8-Lq,"【小爱同学粤语功能正式上线小米电视】听得懂,更会说!小爱同学粤语功能正式上线@小米电视对着电视也可以直接说粤语啦～更支持20000+句地道AI定制用语!快戳图get设置方...",小爱 电视 小米 上线 同学
小米 site:,4,全国小米之家在线预约查询-小米商城,http://www.baidu.com/link?url=vOMty28i03jK5DiVCbXUIRrHId_GSOk_IR8PZjRfZsPzpDiDr3J2tXTUTNGVF4Wk,"中国小米之家地址查询在线预约,为你提供1小时快修服务,最全面的咨询服务,最快速、省心的售后服务。",省心 咨询服务 小米 地址 小时
小米 site:,5,小米招聘,http://www.baidu.com/link?url=TAw1C6zpxA90ZHqYLPXYBgaWGDLS3uyq_wmeNIi4-bC,"小米招聘官方网站,招聘产品,招聘产品类,服务类,供应链管理类,市场类,设计类,物流,商务销售类,研发工程师,运营类,综合管理类人才",供应链 官方网站 小米 产品 工程师
小米 site:,6,MiWiFi – 小米路由器官网,http://www.baidu.com/link?url=051jBX4KbL52swDAWXxhoYRSzGOMopeejxlQEWJ8iA7,"小米路由器——顶配双频AC智能路由器,内置1TB大硬盘;小米路由器mini——主流双频AC智能路由器,性价比之王;小米随身wifi——最便捷的随身上网神器",路由器 小米 智能 大硬盘 内置
小米 site:,7,小米10 Pro 官方拆解:十年「梦幻之作」内部结构详解 - {$....,http://www.baidu.com/link?url=psh_lzug0KKRPx4ZueIYjOEXYVzDkZ_PcJOepAXM8ix-4zL5TgnSrOZfb1hTCIEdg4XHvLnTJcisYwcCcg_Vsa,2020年2月19日 热点聚合: 小米10Pro 小米10Pro拆解 小米10 {$.publishedtime} {$.sourcelist} {$.description}猜你喜欢的组图{$.likepiclist} 关于...,小米 热点
小米 site:,8,小米| 海洋博公園 Official Site,http://www.baidu.com/link?url=GYZVcStsmkPsB9ornbpxvQ80qchSex_PW73HmYN6d7rNA5FYMfTSQnTPt-aKcqZCF6n8o_TtPxTM4rwvtI_S6_,"小米是作为主要耕地栽培的一年生草本植物,高约1～1.5m植株直立不分枝。理论上狗尾草为小米的原种,在小米当中也有穗较小型的种类,要与狗尾草区分稍有困难。",小米 狗尾草 原种 植株 分枝
小米 site:,9,小米营销平台,http://www.baidu.com/link?url=huWeILLIqBQbcvh4wyv0iVtprE3OGMntGxMWtR-8BmO97nJw-0iY4dxEhR-ak9hT,"小米应用商店是中国第四大安卓移动端应用商店,拥有强大的分发能力。目前日下载量超过5000万,总分发量超过100亿。应用商店广告均采用CPD竞价方式,即您的推广费用=下载...",商店 总分 小米 广告 费用
三星 site:zhihu.com,1,三星集团 - 知乎,http://www.baidu.com/link?url=vl1eGJjGZJ9nRD96GYeVZa_Phrh-IcaQD5z65aYhE21x9JifV8tJCde6cmWCBYp1,"刚买了三星的S20 FE,之前华为nova3麦芒7nova7,小米10青春版K30 5G,VIVO X23 Z6,OPPOK5等,基本国产手机都用过,所以从三星手机和国产手机品牌对比来分析一下。",国产手机 麦芒 华为 小米 青春
三星 site:zhihu.com,2,三星集团到底有多强大? - 知乎,http://www.baidu.com/link?url=ywqQ6fTRzgYW1YXTzLHvdFg8j8GxFzx433hegD6krMjiGkmbTyqvHFTpmNVgXZ5Spew5Kn2gjfNliMT9YRdum_,2020年1月22日 朴KJ大学毕业后入职三星。 工作三年后KJ在三星找到了自己喜欢的女孩结婚了。 新婚当天KJ夫妇下榻三星集团旗下的新罗酒店。 度蜜月时KJ在机场免税店用三星VISA卡来为...,后入 VISA卡 免税店 大学毕业 女孩
三星 site:zhihu.com,3,你为什么坚持用三星手机? - 知乎,http://www.baidu.com/link?url=HTiC9P0UeVNLzLNnY14hQt0XIdPATJM1V_UoK0t8BEDMcQS4IiqVosQucefy746a,"2018年12月10日 首先来看下一份中国市场第三季度智能手机市场的占有率报告。报告显示,三星市场占有率亿跌至1%,比去年同期暴跌67%,具体销量为123万部。",报告 智能手机 占有率 市场占有率 去年同期
三星 site:zhihu.com,4,"三星,为什么是中国三星? - 知乎",http://www.baidu.com/link?url=3QYO6yqNWvUOOWwx-XH6Z9MRQeUOSmsVXORmA1LwXQG4-z0uQnKujU_bhGwVUea-,"2019年9月12日 27年来,三星在中国建立了研发、生产、销售、服务等全产业链体系。截至2018年底,三星在华共设立26家生产企业、7家研发中心等共计157个机构,员工总数近8...",华共 产业链 员工 总数 体系
三星 site:zhihu.com,5,为什么用三星的人越来越少? - 知乎,http://www.baidu.com/link?url=0c0uwQYNiGit6BDs4dYlGP5on26veoBfuEp996u88SoKNJYWtB3xLeqB630aRAhP5yOwnZFmfVffXuJTfsUJXq,"2019年1月1日 题主自用三星s9,觉得还不错啊,屏幕特别亮,颜值贼高,但别人都不理解,说这是智商测试机。 求解答~…",题主 颜值 智商 屏幕
三星 site:zhihu.com,6,"三星真的不堪吗,可以说一下体验吗? - 知乎",http://www.baidu.com/link?url=Rzrk5FLcGWtS24Qvf_Na9LiuR8Z8ixi5WdaU0vCL4NGhghC85lvdcCsbOab8m6KIBkZ-Wd9PEHHVDRCDzkOopseAXnub6mgr63fWEoEfKLG,"3天前 写在前面:即使算上黑历史的话,三星也没有那么不堪。我自认为比绝大多数网民更爱国,去年疫情期间一个7年…",网民 疫情 爱国 历史
三星 site:zhihu.com,7,为什么中国几乎没人用三星手机了? - 知乎,http://www.baidu.com/link?url=sblFcMkanRi0fGt5sNQof3OQk6UvBaweldon3WUC6z4P36FauW3P2ANMsR8l2G_c,"2019年12月16日 10月初,三星电子称该公司已停止在中国生产手机产品,原因是来自中国国内竞争对手的竞争日益激烈。这也意味着,三星在中国最后一家位于广东惠州的工厂也已经停工关闭。",惠州 中国 竞争对手 日益 工厂
三星 site:zhihu.com,8,三星做过哪些恶? - 知乎,http://www.baidu.com/link?url=f9k0Lvx8FuvHJblHRbuBTovX60L9HNySAGvVAaGa3iJI4MkAgEZRKFxpMC3_Crq-Le8lQmTDV7xcwZ9XCkMW6q,"2017年11月2日 除了这次的手雷note7(谁都难免有犯错,但是官方的区别对待与处理态度实在令人发指)之外,三星还做过哪…",手雷 区别对待 官方 态度
三星 site:zhihu.com,9,三星电子 (Samsung) - 知乎,http://www.baidu.com/link?url=6mztY3NwvSEA5CdOT6LcT6rHROZs_1s5P3iLbnOW4rW8ic9tB_cnyEfVXh9J3h6xYliun4C7g8RcV6RGItEOea,三星SM-T813是什么时候上市的要多少钱? ​写回答 0 回答1 关注20 小时前 华为Freebuds Pro和三星Galaxy buds Pro哪个好? ​写回答 3 回答4 关注1 天前 ...,华为 小时 上市 时候
三星 site:zhihu.com,10,三星手机 - 知乎,http://www.baidu.com/link?url=HtSfT_crU-5EDGmGvoXC7C7SFbHig5cC_2cQg6LXiJ13ncKIHVLBxYABucddxmApKNRgLFr15A_tMa_SQ0XaP_,人生第二台三星也是这辈子的第二台三星手机。阅读全文​ ​赞同​​添加评论 ​分享​收藏​喜欢 继续浏览内容 知乎 发现更大的世界 打开 浏览器 继续...,浏览器 全文 人生 评论 手机
三星 site:jianshu.com,1,"三星将于明年1月推出Galaxy S21系列,1月29日开售 - 简书",http://www.baidu.com/link?url=9OKH15oXtokQTER1zmJALgGoSqq7O4Yy_GklvM6NPwfLSHdqyoI6jzvVcMcU9uR8,"2020年11月4日 ITBEAR 11月4日消息,知名爆料者@Jon Prosser 带来消息称,三星准备将于2021 年 1 月 14 日推出 Galaxy S21、Galaxy S21+ 和 Galaxy S21 Ultra 三款机型,并将...",消息 爆料 机型
三星 site:jianshu.com,2,三星是怎么牛逼起来的 - 简书,http://www.baidu.com/link?url=H22_b0TOHaByqePh_GbiEsTUqpr8q3lWHD5iSB6oVcVU-384_lCj4ApTVcVT_BG8izvp4LyIoxbu4iAQmeQf__yu6al69Vi-pSwwGVWBV0Lp3-eGtLcQ6hp5dd06X1OjOphJ4QuRHl7067iYAP4XFoYHPfqsEj3OFEIL9FXPxLuLVf8aSg28BNSxmWjFG1H4,"2018年11月16日 昨天和领导谈话,领导问怎样能把企业做大做强呢,我和他讲起了三星发家的故事。 三星集团成立于1938年,由李秉喆创办。三星集团是韩国最大的跨国企业集团...",发家 领导 跨国企业 韩国 故事
三星 site:jianshu.com,3,拆解报告:Samsung三星Galaxy Buds真无线蓝牙耳机 - 简书,http://www.baidu.com/link?url=JytUQbq75_bx2EBRKYdXbs3qyYVw1LoaEW9-aOlqsl2Xtt-PSqwWfpExeC3rw6yf,"2019年7月30日 今年2月21日,三星在旧金山举办Galaxy Unpacked 2019新品发布会,除了折叠屏手机Galaxy Fold和Galaxy S10之外,还推出了一系列配件,比如全新的Galaxy Buds无线蓝牙耳机。",蓝牙 耳机 新品 无线 配件
三星 site:jianshu.com,4,三星- 简书,http://www.baidu.com/link?url=u8j5Udjvy27IpaW2Lw9KOLeb7KMyck4mHt7bX3FYOUz9c16HqxY5GcYZqGJhoVUyjxvQAjNg0XNkgxjDR49Wy_,"2017年8月25日 我不由得又往屋子上方看去,三颗不怎么亮的星星像是三个朋友一般齐头在屋顶上站成了一横排……哦,那是三星。 记得上小学时,我家没有表,更谈不上有闹钟...",齐头 闹钟 屋顶 屋子 小学
三星 site:jianshu.com,5,"三星总裁之女李富真下嫁穷小子,婚姻惨淡收场!传统观念的门...",http://www.baidu.com/link?url=mM52_XOVT1gb6mOBPI1F390yP7GuW1vo8XbSY9zbYoBcgcq09SYumC6uMo6sJ8qR,"2017年8月12日 经过了十几年的努力,她成了三星集团唯一的女总裁,地位仅次于哥哥李在镕,甚至有人说他才是李健熙的继承人。人家没有实力联姻的另一半,没有好的业务,硬是把一首...",李在镕 李健熙 联姻 继承人 总裁
三星 site:jianshu.com,6,女人嫁给渣男下场有多惨?三星集团千金用亲身经历告诉你! -...,http://www.baidu.com/link?url=4abiYYPXgkh6pAxZ5oY89fBkoLkWXqbhQwDgcVjJpfwOmKp8Qeyu2ifPjENxNd2kUBQJTDmBgt-uNStK0LcsDjJAgx5enWl3eiAaeosL6hG,"2017年8月9日 而李富真,就是三星集团的长公主,上天给了她显赫的身世,出挑的颜值,这些都是普通人求之不得的巨大优势。 说李富真就是“完美”本人一点都不夸张。",李富真 颜值 身世 普通人 公主
三星 site:jianshu.com,7,"1/1.12 英寸超大底!三星GN2发布,爆料小米11将采用 - 简书",http://www.baidu.com/link?url=IvLXY2AQdXeeXRpZXtQrR63hL-t310cQ0RpCC2TkzYKVvItdc9yzjPIqVYoZjoD9,"4天前 此前有爆料称华为将采用一英寸超大底(见账号主页),按照惯例,华为采用的应该是索尼的图像传感器。而在图像传感器领域,和索尼打得火热的,还有三星。 最近,三星发布了...",华为 索尼 传感器 图像 主页
三星 site:jianshu.com,8,"三星新机真心打脸:自家处理器+大电池+水滴屏,外观让人吐槽...",http://www.baidu.com/link?url=yOK-4iC85G5rpHoSoNEaINQ3kfPMO477xCgwtgKKiKEG6enXemYCQOSFMAra7C4l,"2021年2月13日 三星手机作为高端机和旗舰机市场的主力,近几年三星手机在全球智能手机出货量排名稳扎第一名,而苹果、华为等品牌一直处于波动未停。也许,很多人想不明白,三星手机在...",手机 人想 智能手机 华为 苹果
三星 site:jianshu.com,9,三星最新TWS真无线蓝牙耳机Galaxy Buds曝光! - 简书,http://www.baidu.com/link?url=GMBd-TxpiDTBBy2z5l_Vc089AxitUjbZdJT9d3vcmrbc7hbWrxFEiPp9bVAfYGUK,"2019年2月18日 据悉,三星将于今年2月20日举行Galaxy UnPacked发布会,届时除了多款Galaxy S10会跟大家见面外,三星也将为我们带来全新的Galaxy Buds TWS真无线蓝牙耳机。",蓝牙 耳机 无线 发布会 见面
三星 site:jianshu.com,10,闲月三星 - 简书,http://www.baidu.com/link?url=DJjWpXsD_LUtXxKGxelIiZorhuqqfzw2D6iyV29qOnbrTgNDzBdtnzyu1xPLT2xo,2015年12月24日 闲月三星 2 关注  2 粉丝  3 文章  1338 字数  6 收获喜欢  1 总资产 文章 动态 最新评论 热门【笔记】什么是领导力  重点:为人所不能! 问题1:什么是...,文章 领导力 粉丝 热门 笔记
三星 site:,1,三星电子 中国 | 三星手机 | 电视 | 笔记本 显示器 固态硬...,http://www.baidu.com/link?url=fdYRc3VvhL-GYXSiNpETECA0ZENQ5V-I7rkvULVwUnmlwpv06m9Ba84I2CkcM6qT,中国三星电子官方网站。让您感受品位生活。在这里您可以找到包括新品Galaxy Galaxy S21 Ultra 5G、Galaxy S21 | S21+ 5G、Galaxy Note 20 | 20 Ultra 5G 在内...,新品 官方网站 品位 中国
三星 site:,2,Samsung Galaxy Fold – The Official Samsung Galaxy Site,http://www.baidu.com/link?url=kOZ_hfC9E1TQkK11nSPQSkSjlrJ5MxdROWcb7HSGJ58p7Xps1_aIk5153QGzUb7bfVZ36r9ZTIv9eqLPgoxoBK,Visit your local Samsung site to check Terms and conditions for more details. How to care for your Galaxy FoldAccessor...,
三星 site:,3,Samsung Galaxy - The Official Samsung Galaxy Site,http://www.baidu.com/link?url=ze2XB6pQX4iEY49oVlD-jkzW62BpI0x-7o3lxwwpKRb1Su23C164QXl1rdgynCGE,"[官方]Introducing Galaxy S21 5G, S21+ 5G and S21 Ultra 5G. Three phones that are epic in every way and made for the epic in ...",官方
三星 site:,4,Samsung Li-Ion Battery & Renewable Energy | Samsung SD...,http://www.baidu.com/link?url=wcFYKcybyix5b3Q2FKJ9ymnIjyPznbJz3d83mHy9US-V7nQYKBLxOC5RVQ_AXBFi,"Since 1970, Samsung SDI has been creating innovative renewable energy and energy storage system with cutting-edge technology that is being experienced by ...",
三星 site:,5,Samsung V-NAND SSD | Samsung Semiconductor Official Si...,http://www.baidu.com/link?url=2xG-xszHJ2tJZMaUnnNkwQKtzrd7K3Myuz1IJHYNU2lKjMdCG4S2IWvlwnnz77uSfVotUOQ6FDEYUZPV6Se9Wa,"Samsung V-NAND SSD official website. Find information about Samsung Consumer SSD, Portable SSD, Enterprise SSD products, download, support, and more.",
三星 site:,6,产品帮助与支持 | 三星电子 中国,http://www.baidu.com/link?url=o9vRj_M_N1lg7DoJGRFSLYA4V44jqYizwAo5OvDet6yyWkePgJfWu7FtZpO1YPOM,"Skip to content Skip to accessibility help 三星与Cookies 为了能够给您提供更好的浏览体验,本网站会使用Cookie,单击“接受”或继续浏览此网站,表示您同意我们使用...",网站 体验
三星 site:,7,Samsung DeX | Apps - The Official Samsung Galaxy Site,http://www.baidu.com/link?url=hQGmd6UPZ41maDBPpOZlu9ZWDDnb8q-S2704o8kapZ18AhHCJQXcvgk-xfYLBBP-tcLOT9AGDhOs5Z9yASrlNtEGOS6ki1wfpDEqbsZap_a,"Multitask between devices like a boss. With Samsung DeX, your Galaxy transforms into a powerful workstation. And now Wireless DeX makes set-up a breeze.",
三星 site:,8,Samsung Pay: Mobile Payment App & Digital Wallet | Sam...,http://www.baidu.com/link?url=eH2f8m4ZYPIGKbNNOdMRI8CfvTJdsYvSWKURkoQ3F5Ehg42zDY97_gvEgPkSdh9_F1p9BvFeH0qJ0ENmKJ9_vq,"Carry your credit, debit, gift and membership cards on your devices so you can pay in-person, online or in-app with just a tap. Plus, get extra...",
三星 site:,9,...| Samsung V-NAND SSD | Samsung Semiconductor Global...,http://www.baidu.com/link?url=YC2y9Xb84hE7ynfMggFclsqLIAvIsQqBRobHpM6AK3W1iV20Aa-ytAw2Wi4LE8yZydpFTkZk9zK1mqzl6SOctNh8Ci6UsWJXz09N3q5Y9Se,"Download tools & software for Samsung SSDs. Download Samsung Magician, Data Migration Software, Firmware, Driver, Data Center Toolkit, Activation Software.",
三星 site:,10,Samsung Gear VR with Controller - The Official Samsung...,http://www.baidu.com/link?url=3Xqx3T5lbjH-g5juQdJu9dAf9gI1wyCEwufwu0QdeR8WBTk9WVCK1UhM5xFpzxhJA9P0FPkcPrzhsz_-4zEALK,"Wear the Gear VR and head straight into the action with its new controller. And with the ergonomic design, it's easy to go on longer adventures.",
雷军 site:zhihu.com,1,雷军(人物) - 知乎,http://www.baidu.com/link?url=32lzUC6emnyYIaH5_1TWMg9M5EhcJWA9PKDaQ7V1dcSGsYaSeUr2mtRWaFpjBOOi,"[图片] 雷军和求伯君 金山办公终于上市 31年坚持做一件事金山办公于2019年11月18日,正式在上交所科创板挂牌交易,股票简称“金山办公”,市值超过600亿。其主打产品...",金山 办公 雷军 创板 主打产品
雷军 site:zhihu.com,2,雷军是怎样一个人? - 知乎,http://www.baidu.com/link?url=EMwud_NhdgqAcfcdR01fjQrOuCNspJsZMk0b04NeY_1nuTBHaVM4RbryJr-UVeOaw_EDk9cmIpZh-6_113Fh1K,"2019年9月8日 535 关注问题​写回答 ​邀请回答 ​好问题 106 ​58 条评论 ​分享 ​ 761 个回答 默认排序 叶孤城 大家好 10,196 人赞同了该回答 1,雷军是一个...",雷军 叶孤城 排序 问题 评论
雷军 site:zhihu.com,3,雷军——我心目中的民族之光 - 知乎,http://www.baidu.com/link?url=sUlSJatKtn-xsuAx7ZiB2Lm6TcKg21uXxxlkHVNL9dGXxeiygCDzq7FrJzy_VMEr,"2020年2月21日 从金山到天使投资,再到小米,雷军战功赫赫。没有背景,没有捷径,全凭勤劳和智慧走到今天,他无疑是一代人的偶像。 Part1 朋友里好几个IT圈的,很多年前就是雷军...",雷军 赫赫 捷径 一代人 偶像
雷军 site:zhihu.com,4,"雷军:刚开始的半年,我每天花12个小时招人 - 知乎",http://www.baidu.com/link?url=dur4i0CrsLnA58Y0GzOuOTkFURmHdXQQLyokh3cEnMeW66300dy6cqMYBouv-173,"2019年12月12日 据后来媒体报道,雷军用了3年多的时间,说服Hugo Barra到小米工作。 在2013年8月29日上午,雷军证实谷歌全球副总裁、Android产品管理副总裁Hugo Barra 将于当年十月初...",副总裁 雷军 小米 谷歌 军用
雷军 site:zhihu.com,5,CEO雷军领导能力分析 - 知乎,http://www.baidu.com/link?url=4V5G0ugR7tTUlxj4guBLZBqrIZKz-W9QiHFHMFXDTcsJ-_m2cZKEu8Xa3CyFsP-D,"2019年9月24日 这些成功是与企业背后的领导人割舍不开的,那我们就走进小米CEO雷军。 雷军可以在短时间内让小米成为国内的知名的品牌,这与他的远见卓识和对企业的巨大影响力是分...",雷军 小米 企业 短时间 影响力
雷军 site:zhihu.com,6,雷军- 知乎,http://www.baidu.com/link?url=g3KgJOG1PXpo7Dn3PKDmEhJRe56Cv9SYIUOSyK1I0RhjpTri41te-U8u-lXeAAe8,"2020年12月28日 雷军  今天下午,小米技术委员会举办颁奖典礼,两支研发团队拿到了百万美元技术大奖。祝贺研发团队! 这是小米内部最高的技术大奖,主要奖励10人左右的工程师团队,奖金为...",团队 小米 技术 雷军 颁奖典礼
雷军 site:zhihu.com,7,雷军是如何成事的? - 知乎,http://www.baidu.com/link?url=SHP8KAVLPgoPC9cOUB_PBtd1fT15oW1pBzNDpYTjNU-wmEe9TPD1hcGb7io4Qrl--k8v8o4FgjgAW3ghsNCi0K,"2018年1月4日 雷军口才如此之差,居然让金山,卓越,小米都成事了。我觉得好奇怪,难道他技术真的很强?他现在还亲力亲为技术领先于团队否?至于互联网思维,我承认他嗅觉确实…显示...",雷军 成事 口才 技术 小米
雷军 site:zhihu.com,8,如何评价雷军? - 知乎,http://www.baidu.com/link?url=gfZeFLB9DtkqxOaHfb9Aq-U7lq_KRcDrcgXx9YmKdiOz84AdyOmhMD_AGZxnxy2n04LF_Nn1p3g09Ku67TuJ7YbTwxZI28GPkfizAch_ewC,"2020年8月20日 2003年,为了给WPS2005争取更多时间,雷军准备倾尽金山公司的所有资金,将《剑侠情缘》改成网络版。此事…",雷军 金山公司 剑侠情缘 网络版 资金
雷军 site:zhihu.com,9,如何评价雷军? - 知乎,http://www.baidu.com/link?url=XMhjJotFYVIidhmrQXXe2Ne3qtrd3Md1LUUnYppxGdjIodCUCSulZbWoPu9NkGCNnZxc8YiCbwAEOkF5-DzifggsG8M42bR8fwzjKS_Bo_q,3小时前 首页 会员 发现 等你来答 ​ 登录加入知乎 如何评价雷军? 关注问题​写回答 互联网 创业 人物 小米科技 雷军(人物) 如何评价雷军? 系列问题 如何评价奇虎 ...,雷军 评价 人物 小米 问题
雷军 site:zhihu.com,10,如何评价雷军? - 知乎,http://www.baidu.com/link?url=rhyxk8xAGe647pNhnaLuWx5WNqucHXvlNXw_MDFbdZHidIW7E9nH8TJxlOKPdY2um_BA0aRcdZLbaRW5sT1m1q,"2016年5月24日 品雷军:明于微而昧于巨,精于勤而溃于魔文/秋源俊二一、最近一直在思考小米的境况,也在琢磨雷军这个湖…",雷军 品雷军 魔文 秋源俊 小米
雷军 site:jianshu.com,1,求伯君与雷军的三十年 - 简书,http://www.baidu.com/link?url=I3_1u-tvupz0uqXBKAV4cVvQ1xG-ATaObmOgZeJQUyWwxshHI7yPaPEDXGlgM1Vs,"2019年3月26日 2018 年底,金山软件举办创业三十年庆典,三位创始人,求伯君、雷军和张旋龙到场。庆生中,雷军与求伯君深情相拥,两个中年男人欣喜落泪。次日,雷军在微博中写道:三十年...",雷军 张旋龙 微博 庆典 深情
雷军 site:jianshu.com,2,雷军的经历 - 简书,http://www.baidu.com/link?url=Mep3i8RX-KRhLdHLlJvYzRqL8Z6QjlgY_5w4AKcVjiVCwzZJEtW0wJUyNnK7JcsL,"2021年2月13日 雷军和求伯君 当然,所有的成绩都不是一帆风顺的。我在金山遭遇过太多失败。 1995 年,我们历时三年研发的「盘古组件」发布,这是我寄予厚望的产品。结果...",雷军 过太 盘古 组件 金山
雷军 site:jianshu.com,3,雷军是个什么人? - 简书,http://www.baidu.com/link?url=CTThxdvTiZD3NAC23SIYw73c_4x0S7G3TxQvewJG9aqM7gZ934X0poqAjeg4Nsqw,"2020年10月29日 印象最深的,是雷军在酝酿进入手机之前所做的行业调研和趋势判断。充分利用了他之前的职业经历所积累的洞察力和判断力。 与雷军对比,可以看出罗永浩做锤子手机的准备...",雷军 手机 罗永浩 洞察力 锤子
雷军 site:jianshu.com,4,雷军的创业故事 - 简书,http://www.baidu.com/link?url=P7_Dyk6sJFJ8rwYS-ZSY3Q5SkapbHPX5GSMyKIKN-zWdKRtNAtho-HJF3RXZfxZl,"2020年8月21日 现在聊聊雷军的故事 1969年出生的雷军,从小就是学霸,毕业于武汉大学。雷军 23 岁大学毕业入职金山,一干就是 16 年,从程序员做到 CEO,带领金山上市。三十多岁就...",雷军 金山 学霸 程序员 大学毕业
雷军 site:jianshu.com,5,"雷军为何离开金山,另立山头? - 简书",http://www.baidu.com/link?url=8L3V770w4ETyidMvkqSp6W8kIIXXqztwsKDJjqvIU02mKd1fPxlpXtqo25CrXrbb,"2017年12月12日 从产品使用性来讲,你会发现金山的产品体系中除了游戏,其他都可以算做是工具,对用户来说确实有其价值,好在一点是产品的需求性比较强,只是用户广度不够,对雷军而言...",产品 用户 雷军 广度 金山
雷军 site:jianshu.com,6,大家还记得当年格式化雷军硬盘的程序员吗?现在过得这样! -...,http://www.baidu.com/link?url=oG4Awv67z4SK-ym2lO1HypP4Vx-0QMeB0KzeG0n4B2XQ6fpJlQ9JQTTPeeDoxetx,"2016年12月15日 网络上关于雷军的段子很多,尤其是他亲自指导公司女程序员的图片,简直是广为流传。其实关于雷军的段子,还有一个令人捧腹的,那就是雷军的硬盘被技术人员给格式化了。",雷军 段子 程序员 格式化 硬盘
雷军 site:jianshu.com,7,"雷军说英语,我哭了 - 简书",http://www.baidu.com/link?url=OnBsJElYcCMdSUszTKIgzM-O0qytXgJh1K46AQf7F8Z-cN9TsLfI_qIc05nCcezn,"01 雷军雷英语 晚上看了一个老外评价中国CEO英语的视频,居然还给各个CEO打了分,不幸雷军的雷英语获得最低分。 雷军英语水平被打分 ...",雷军 雷军雷 老外 视频 评价
雷军 site:jianshu.com,8,那些穿着土鳖的科技界大佬-雷军篇 - 简书,http://www.baidu.com/link?url=_n9dLYr9YBE1iiLms_w1x5jeqHT_niJGpD6F_En5s7VaMyGjtWhgEtD1ZmpFKDtz,"2015年4月30日 就“土鳖的科技界大佬”而言,很少有人能像雷军一样全方位地诠释“土”这个概念。 你看这小米公司刚成立时雷军的造型: 中长款黑色皮夹克,皱皱巴巴的条纹衬衫,宽松...",雷军 土鳖 时雷军 皮夹克 科技界
雷军 site:jianshu.com,9,读雷军故事有感 - 简书,http://www.baidu.com/link?url=UCbT0Hb5yL2CCyjsgr9payGOVR7qtbanq-W6wo6HFKH8xwrSkFwPnoP4A863aad_kaCvV8QpNGzEL313LmiykB9H9wTiOSkf6p24mmecrhO,"2016年10月17日 分析:雷军的做法就是所有问题先抓主要问题,专注最主要的问题就是单点爆破的思维版,是正确的发力方向,找到正确的发力方向从个方向做突破,就能取得全线...",发力 方向 雷军 问题 单点
雷军 site:jianshu.com,10,雷军为什么成功 - 简书,http://www.baidu.com/link?url=lz1AgTLnNOPSetDLiRGG26ft2toPOHAFQyZe4WDa1AAk3WwDNQxCmVvu3ogYNLVp,"2018年5月7日 我写这篇文章当然不是为了贬低雷军个人才干和小米的巨大商业成功,说实话,雷军和小米的成功给了我和大家很多鼓励和启发,比方说专注,勤奋,分享,顺势而为。我只是反...",雷军 小米 篇文章 才干 顺势
雷军 site:,1,"雷军:不经历人情冷暖,哪来成就上的蜕变",http://www.baidu.com/link?url=hTrM2f1LTj7MP5hNGCS-ceijfrs4Bo6zyCOZQ-2r__xgbN0Vtdd5zj1LVHiISTNM7KASXd3MhU1dgUVc4pJWmDCSagFlFh7xxOLqKtZtG-5iYzfYDyTYSHXdoIbtPMtk,"当估值6亿多港元的金山在香港成功上市后,众人欢呼雀跃,而为之奋斗了16年的雷军却陷入了痛苦,几千个日夜的奋斗虽换来外人看来还不错的结果,但在雷军的信仰中这...",雷军 金山 外人 信仰 众人
雷军 site:,2,"雷军:公司这事若出问题,基本就万劫不复",http://www.baidu.com/link?url=nNU-8HZsQcz8HcFZZs4gPqeF_A8xSNokJKNcel3z9s8QRVElUwxyq--6u3Tk5QoM5cXYpZZOgqf8ABu4hPgEtgpJpmSIA1x5PbWQza3HkBPXI9ToVYYRwapvlq_OhORS,"像过去联想集团曾遭遇困境,柳传志两度返回董事长位置力挽狂澜一样,雷军亲自跳进去负责手机业务也是因为,这是小米的生命线。 用雷军的话说,手机要是垮了,基本就是万...",雷军 手机 柳传志 生命线 小米
雷军 site:,3,【人物传记】All in——雷军的极致,http://www.baidu.com/link?url=n8MY9R0G5IE3KKWJ-0dohPJA_UhfSQ8dOQoukFaItiPsgfMl9tjtEExb7XwWtheKh1s0I8pXOKDMDpINRQnHXFauxQESY_zKg6CbJSMkaxG,"2014年8月26日 我持有金山、YY、猎豹。对别人的解释很简单,雷军现在的状态,就像赌场里的红灯照路。So,闭着眼睛跟吧。 最近遇到了一堆传统企业,说要做**的小米。比如面膜的小米...",小米 雷军 照路 猎豹 面膜
雷军 site:,4,雷军:在对的时间做对的事,http://www.baidu.com/link?url=vW4bJ1AFJjMNpVv_M9id5Fg6Ez8HsXGx24WjTkP_5YLlz-XzW1VDQTiWrf3PHkX50pIOHZ4wOU_dmF4SVIbzrN13ImBawhtxLg5Fv4RXzmi,"2013年6月7日 雷军,是一个可被视为近二十年来中国IT互联网业演进图谱的人,参与和见证了中国IT史上的许多重要时刻,素有“中关村劳模”和“中国IT界活化石”之称。",雷军 图谱 活化石 劳模 中关村
雷军 site:,5,"雷军,扎克伯格,Linus 等巨佬的办公桌 - code小生的site - ...",http://www.baidu.com/link?url=OkVrcQYddwFiyBo4yVx4lPlAn26hGDeWYMlGN68g-chnAhvbPkwii9Uk1MC_WpXdW44sp_uEI7-0JTdaCsdQ8a,"2020年6月4日 点击上方“ 逆锋起笔 ”,关注领取学习资源 ☞ 程序员进阶必备资源免费送「各种技术!」 ☜ 大多数同为工程师的读者们,应该总是会对“工程师的办公桌到...",工程师 逆锋 进阶 程序员 资源
雷军 site:,6,小米雷军:伟大的目标都是由完成一个个小目标实现的,http://www.baidu.com/link?url=-9E6hXj0ykRAcB1KZLU20_ZMr4QGK_9N_ByyACZdpFPCQY1RRc0Yj5Zo5WK-Q6WkdbIEeg__jebMOxRxfUqVHe3hdcnUiLBq174ihqOg2MkwWWccCbB6QQVD0FDTWarC,"2020年6月23日 雷军是中国互联网的代表人物,而他的成长经历更是堪称传奇。近日,小米集团创始人、董事长兼CEO雷军做客以90后为主要人群的哔哩哔哩网站,讲述他的学习和创业故事。雷军...",雷军 哔哩 小米 做客 传奇
雷军 site:,7,"雷军又火了!每5个中国人,就有1个是WPS用户,市值飙升至1087...",http://www.baidu.com/link?url=RlnMTyqN7sbgTDCNWLsXIZWOxjReabLf-2Fs5g04WEB8SvMxKnk4qjD58ecnZXdjJ8TRl8VnwQpFp4CiJM-aZq,"2020年3月26日 对于上市后的首份答卷,今日(3月25日),雷军在致股东的一封信中表示,“在这个众所周知竞争难度极大的行业中,是一件很了不起的事。” 2019年11月18日,金...",雷军 股东 上市 行业
雷军 site:,8,雷军:小米是为实现年轻时的梦想而存在 - 站长圈,http://www.baidu.com/link?url=bgHh3D5sXzFeoxd7Drw8IqrQJ6Zi5Dy6-qUZjE90KKWoMjhJMj0uFgmr76EswuxSXKpzzHs9x03DxbhN3pQARK,"2012年4月4日 雷军:小米和金山对我而言都很重要,我现在金山任董事长,主要抓抓方向就行;小米除了是董事长外,我还是创始人和CEO,CEO就意味着事无巨细,小米的事我都要...",小米 金山 董事长 雷军 创始人
雷军 site:,9,...区块链等技术在医疗卫生行业的应用 | ChainDD official...,http://www.baidu.com/link?url=bq7NHBmoFZFJy05Oz3EWmRMfNrKJ9CDpr753i5qswwIJvc-HgnKmx1tUrpe4cwSeLFu0sk_rqpBrVqL0HhfSG_,"2019年3月4日 全国人大代表雷军在准备的提案中提到,建议国家有关部门逐步推动5G技术在医疗卫生领域的应用,使区块链等技术在医疗卫生行业更好地集成创新和融合应用,...",医疗卫生 雷军 区块 技术 领域
美妆 site:zhihu.com,1,美妆- 知乎,http://www.baidu.com/link?url=4kdlGMMRNVFim8Mgx9UMHxYfZ6oeSU3KD6PPeNslS3gScFoMug7e1M2LDWJiFWjB,"美妆概念 运用化妆品和工具,采取合乎规则的步骤和技巧,对人的面部、五官及其他部位进行渲染、描画、整理,增强立体印象,调整形色,掩饰缺陷,表现神采,从而达到美容目的...",形色 神采 五官 化妆品 美容
美妆 site:zhihu.com,2,最喜欢/最推荐的美妆博主? - 知乎,http://www.baidu.com/link?url=bmUkhzLZBhPJSjaRNGxzGP9OiZ1c04YgJ_By0iftYKFuBslEr7JQxzs8dR_dKiz6_Lr0F5DFkGTDIMjezIdUBa,"2019年5月14日 重新问本来呢我关注的美妆博主不多,然后看那个不喜欢的问题下包含了几个,然后我就觉得有一丢丢迷茫,所…",美妆 博主 问题
美妆 site:zhihu.com,3,世界范围内有哪些值得关注的美妆博主? - 知乎,http://www.baidu.com/link?url=0nauhGbKVj1DdT3xdR5lDRGQNCH7ZZHSrf25gN1HEtIi7M7B42eK3p_Ed4a6xUvB6aC8o2yXUx2eMRqA8da_-jy6e6B5_4jl9_-Su280GM7,"2019年6月9日 所以今天小编给大家分享自已也关注的ins上粉丝数达几十万甚至百万上的美妆博主,她们素颜没准也只是比路人好一点,但她们有一双“整容”手,任何妆容都被驾驭的...",美妆 博主 妆容 整容 粉丝
美妆 site:zhihu.com,4,如何成为美妆博主? - 知乎,http://www.baidu.com/link?url=XtVfPiWmF42kOeSymyZFPMMCcX-DSpgpL0Fu0_0SujD0Zf12FyBJ0qynZO19x3KkSs7c4ydUFdYc3jSoRDngOa,"2017年6月21日 真的好喜欢美妆博主,感觉她们美美哒又有钱,经常能收到新品邀请试用,和大牌化妆品合作,抽屉里面拉开色…",博主 大牌 美美 新品 抽屉
美妆 site:zhihu.com,5,美妆博主 - 知乎,http://www.baidu.com/link?url=bjG_HmuSeJaA5Wnf_-s8EjxrEvapqpN9hViH3IZqVlIeHTcHwXJtQYRWGnf-sOCXs1B-7TfuSF-w0ILi8hP5Ca,"我基本没关注过美妆博主,点了不感兴趣还要一直给我推送。已经跟后台反映频繁推送两次了还是在我首页上推,b站的算法怎么回事。我不是…阅读全文​ ​赞同​...",博主 算法 后台 全文 基本
美妆 site:zhihu.com,6,有哪些美妆小白必入的美妆工具? - 知乎,http://www.baidu.com/link?url=0VOpfind8GPNu5n-YF0qE14BIFUEs-gyH--_UmDFob5QTFRvkdo7ymRkuNsIV5lA5d78hxcFFZO8T83rc-8N0HpShdzPre2bzoi2O6J5_6a,"2020年5月15日 底妆工具 小猪姐姐猪蛋泡水前VS泡水后 参考价:21元 毛孔细腻:★★★ 吃粉程度:★ 上妆服帖:★★★ 柔软程度:★★★ 目前为止最爱的一款美妆蛋,没有之一,...",泡水 底妆 猪蛋 美妆蛋 小猪
美妆 site:zhihu.com,7,美妆网站有哪些? - 知乎,http://www.baidu.com/link?url=tV2GLAv978PsAfY-ixeYG-uqv0Z23nDzxtr_RYtxmAwJ-AJmpT6cHG4ruGKSiYbeVhMefb-MagLhUM_K4kCOZK,2019年9月8日 关于美妆行业资讯常常使用到的几个国内网站: C2CC:c2cc.cn/web/xianfeng.ht 聚美丽: jumeili.cn/ 中国美妆:chinabeauty.cn/ 品观网:pinguan.com/ 化妆...,行业资讯 品观 化妆 美丽 网站
美妆 site:zhihu.com,8,美妆- 知乎,http://www.baidu.com/link?url=airh4ON7cH3pn2OovuOggDZvQ4vtPIcJbvjHyXX-YgTvOron0exQVbK3P4tSaRYLGfEzzZ3sHoSF89-Pwwrd3a,"美妆概念 运用化妆品和工具,采取合乎规则的步骤和技巧,对人的面部、五官及其他部位进行渲染、描画、整理,增强立体印象,调整形色,掩饰缺陷,表现神采,从而达到美容目的...",形色 神采 五官 化妆品 美容
美妆 site:zhihu.com,9,小红书上有哪些值得关注的美妆博主? - 知乎,http://www.baidu.com/link?url=uH2we6XtidaUGW2QlYnTuBoOENtqMM7-H3jYEOCfZ9wa6gyTufP1rPn6e3RLqRZnyMvhmtvp9N1bO4ySR_Mf1_,"2018年3月21日 自从各大明星入驻了小红书以后,真的才发现好多明星其实都是被演戏耽误的美妆博主,不过除了范冰冰林允这些明星之外,其实小红书上其实还有很多博主值得关注,今天就吐血整理...",博主 明星 红书 美妆 林允
美妆 site:zhihu.com,10,美妆是什么? - 知乎,http://www.baidu.com/link?url=U5qs-T5iW30x7lTiRKMFBdamUVBiES3xZt0QHU9ACl-dTQ9HTNMMJr3T-eO7xXj2MHOSMubIXkmxfWdX2ZqxK_,"2017年1月5日 关注问题​写回答美妆美妆是什么?只有护肤和彩妆吗 关注者3 被浏览1,119 关注问题​写回答 ​邀请回答 ​好问题 ​添加评论 ​分享 ​暂时...",和彩妆 问题 护肤 评论
美妆 site:jianshu.com,1,美妆- 简书,http://www.baidu.com/link?url=0WrN2IA9CqdUz7Z1Ve0VTS_dWctEGnnMslAF4oFLsWcrejJWi2VAdxvn-eA2ESU_,"5天前 美妆 PekinPaul关注 2021.02.23 21:38:19字数35阅读7 有的人, 涂抹涂抹就美了。 自个没变的是画家, 自个巨变的是哀家。 例如,你。",涂抹 哀家 字数 画家
美妆 site:jianshu.com,2,时尚美妆百科 - 简书,http://www.baidu.com/link?url=CiYA3rcDCmAO5xJRr0Ert1_IzHdW__uH5viQhceotlaAbV-eRHh0itIexPKLvTt-,2019年3月7日 分享如何正确选择和使用彩妆心得!,彩妆
美妆 site:jianshu.com,3,美妆时尚 - 专题 - 简书,http://www.baidu.com/link?url=Hyss5K7UkjrVqxa4f8lvx2Gy_uU1_GEUBr0wxWulC23INzv7PUCxmYSZwhjYAJEI,0.2 小郑杰西卡 0 9 广告 专题公告 关于美妆、护肤、时装等一些列的文章  分享到  管理员 简书微信小助理 创建者 鱼粥田辛 关注的人(2)  广告...,广告 杰西卡 简书 田辛 护肤
美妆 site:jianshu.com,4,美妆历史 - 简书,http://www.baidu.com/link?url=EEZ3ZEGcSKmfN6AW4EM_Fyk-W3Xss_SxGuA3pT42uK0vlWXR4fUY58xUBosfgpKL,"2019年8月4日 其实,自殷商起,中国美妆历史早已华丽开场,期间多少品牌辗转浮沉,多少故事忍埋没,多少人物披荆斩棘,多少时光沧海桑田。 知古可鉴今,惟愿此文章能为美妆...",美妆 沧海桑田 开场 殷商 华丽
美妆 site:jianshu.com,5,护肤美妆 - 文集 - 简书,http://www.baidu.com/link?url=pIGW3zV7Ca6d6VzdZQpKTm165rIi9TbXmSTFlvJoG92_bXll14Nm4AqFpl1Q8qZA,"2020年7月15日 大家好呀,我是小夕~ 作为一个美妆狂人,每周至少化5次妆,美妆视频看了n百个,画眉依然是我最后掌握的一门技术... 在经历过多年画眉的摸爬...  0.4 193...",画眉 小夕 次妆 狂人 视频
美妆 site:jianshu.com,6,鲜女美妆 - 简书,http://www.baidu.com/link?url=vgfS16DySb-bulGm_pQXcZcFfYreZ2omc3-b68VHH7Um6h0sE1joAKbYrPb0jB-u,"2018年3月9日 2018:撩汉、赚钱、变美  185 0 0 2018.03.03 11:37  同学会,生活的照妖镜! 37 0 0 2018.03.03 11:31  鲜女美妆红头文件:关于元宵节放假七天的通知 ...",同学会 鲜女 美妆 照妖镜 红头文件
美妆 site:jianshu.com,7,化妆- 简书,http://www.baidu.com/link?url=XM0TbJlC81QX2F7YDYAQ6W41Sc0PK8EJPIXZPjBEONNOzlOsMsDb6xUd08QfM6_m,"2020年8月30日 先定妆喷雾 再粉底液:用化妆刷,日本白凤堂的刷子,会有痕迹,用美妆蛋按压,再定妆喷雾",喷雾 粉底液 白凤堂 美妆蛋 刷子
美妆 site:jianshu.com,8,记录做美妆博主的第1天 - 简书,http://www.baidu.com/link?url=I2xIzwqEGg_04HEpZNV0CliX-YrRw1fH1CNu0q0vnxF3QX-H_xOBi62Rfg8Ollbp,"2021年1月23日 但美妆的精髓不只是有工具就行,而是要有鬼斧神工的技艺,最起码别人看了确实有能get到的新技能或种草,所以在这里我一定记住自己的初心。",初心 新技能 美妆 种草 精髓
美妆 site:jianshu.com,9,美妆知识知多少||成分篇 - 简书,http://www.baidu.com/link?url=usknDSVF2CXnifIbuN0G_0EwnQd_BBR3zf_ODj1JSPdXA_gZjQmM7mZvMtU_rPmf,"2020年10月30日 美妆知识知多少||成分篇 __沐沐__关注 0.2352020.10.30 21:29:46字数4,004阅读126 文/沐沐 好皮肤是养出来的!! 不要乱买护肤品!!! 不知道大家在买...",护肤品 字数 皮肤 成分 大家
美妆 site:jianshu.com,10,学习美妆心得 - 简书,http://www.baidu.com/link?url=zhqE9LvacRxt8ZzN8wItOBqgqpAoKA7TAuMsHYuBTovU9H_gV0nFZ6AGinevn3Ip,"2019年12月17日 学习美妆心得 黄淑英 都说岁月是女人的天敌,其实困住一个女人从来不是年龄。董卿说过:“女人20岁之前的容貌是天生的。20岁之后是靠自己塑造的。女人要塑造好自己...",女人 董卿 天敌 容貌 天生
美妆 site:,1,唯美美妆-全球化妆品大牌美妆购物平台,http://www.baidu.com/link?url=Vc_WlkVp1vTL2J8NKda2y58Atjcxb3Cb4PBH2UdnOLK,"只售正品美妆的电商平台  汇集精选美妆品牌 为女性用户提供折扣正品美妆产品  唯美美妆,致敬每个用心服务顾客的品牌 欢迎国内外美妆品牌入驻唯美美妆 唯美严选美...",正品 品牌 电商 用心 顾客
美妆 site:,2,MEIYI BEAUTY美易美妆官网,http://www.baidu.com/link?url=YSmLcKTuV7WakYBBwcHrNmmq5G0IyQFGQOO84MqrsZ6roZkWxAFU2mdxoEo4VQRZ,"厦门美易美妆是一家美妆品牌控股运营公司,旗下包括“PBA”“YangSang”“LANMAN烂漫”等化妆品品牌、智能美容仪器品牌“mushu木薯”、“Cata.Q86”“Muma sunny”...",品牌 美易美 木薯 化妆品 美容
美妆 site:,3,闺蜜网 - 美妆互动媒体 消费参考决策入口,http://www.baidu.com/link?url=pUx_kC92BM51WQZ0ZJQ-rdcPfCmNYZpBNl5SoXH72py,"KIMISS闺蜜网作为美妆互动媒体,收录19万款美容产品,逾2600万条用户口碑心得。从全面、实用、贴心的角度,为所有爱美人士提供全天候美妆资讯,更是你美丽消费的专业顾问",闺蜜 爱美 全天候 口碑 美容
美妆 site:,4,飘丫美妆旗舰店 - 京东,http://www.baidu.com/link?url=ccg3lDUSG-Tul-fLM-lUSadjlTf9m2WX_s6TPkLcKAGH4JJS322_unOe3mtDGrp-,飘丫美妆旗舰店 联系客服 关注店铺 会员中心 ...风险监测| 隐私政策| 京东公益| English Site|,会员中心 飘丫美 京东 公益 客服
美妆 site:,5,美妆网_www.chinabeauty.cn_女性 - 快猫网,http://www.baidu.com/link?url=JVHLW08EV8N_mOcSYz8AOgT35NHKCGICsRktcGUQfFFbyMh_bm0lpjMyKtGBUUbzJefXLABPzmrQM0PS-PKU4a,"2021年2月18日 简介:美妆女性网是集实用性,互动性,鉴赏性为一体的女性网,提供美妆,减肥美体,搭配,彩妆,美容护肤,健康,亲子等频道。致力于打造时尚、智慧、自信、独立...",女性网 美体 互动性 彩妆 亲子
美妆 site:,6,美妆TOP10-美妆TOP10,http://www.baidu.com/link?url=2Lln0aF2gogNH0MOeO-XvBNq4sagdRYttgrshtaOGlW7OcQdqrPYm-GBpj9ikkcMt9HSXrDnGPnQPrannL8Aka,"美妆TOP10(www.tangzhuang.hk),糖妆精挑细选的一级供货商供货的品质和产地均有保证的国外原装商品,姐妹们可以放心购买哦。",糖妆 供货商 原装 供货 姐妹
美妆 site:,7,美妆集团,http://www.baidu.com/link?url=KwIrDZBmgdxBKg7VSEcUwP9Rob0c74I68o7mRuadfQuV5ZvIs3RV8sjkLtWd9jHBVYjUPPAvk66my8vAxXN_aq,"美妆集团成立于1998年,集美丽与智慧于一身的企业***高瞻远瞩,运筹帷幄,创业至今,始终坚持以市场需求为导向来谋求企业发展,以选培优秀人才为根本来做强做大事业,...",优秀人才 企业 导向 市场需求 智慧
美妆 site:,8,美妆网-www.meizhuang.com - 美容,http://www.baidu.com/link?url=miWVBUB7nfZEvwx7X14jirPItkSRwiRCn5xS2BBrLiSjOPZLECP03Pu3Ovm7WXrWpVS9fTloK0GhlUX--acIyq,服务器IP:120.24.59.11 网站评分: 0 TAG标签 :美妆网 美妆 女性 女性网  搜索收录: 百度收录检测 360收录检测 搜狗收录检测,美妆网 女性网 服务器 标签 百度
美妆 site:,9,美妆,http://www.baidu.com/link?url=82e6kjBa_QM4j_DcE6olgLLYRO0_QVpmj3ejZcRRkVPZxozPk0nmWRr24c30KJsm49dx3GYkhEQgqw5QdGMJ_a,"重庆分类目录网提供美妆类似相关网站搜索结果共有9个, 让您寻找到更喜欢的美妆的内容分享与收藏!",分类目录 美妆 网站 重庆 内容
美妆 site:,10,UXH美妆旗舰店 - 京东,http://www.baidu.com/link?url=1T2Y8NCKE0oThh5rcxWSbuBQE-rHzxhSeE8BwvJkyJX48Hcvzt3TiT_B33hJqauludojfFUucYuZ-KUreuE7q_,我的京东 0去购物车结算 UXH美妆旗舰店 联系客服 ...风险监测| 隐私政策| 京东公益| English Site|,京东 购物车 公益 客服 联系
直播 site:zhihu.com,1,直播- 知乎,http://www.baidu.com/link?url=7L238WvXKUsCIMgZJDY6bVd_X_9IvxvtksxPnivcqWEy9tLOleONIpJKZotccMXrf63KLZSdJemiYgtb6lV4n_,直播 教育/电商/财商/企业等直播干货都有哦 Cloud123 · 20 篇内容  下一页,电商 财商 干货 内容 企业
直播 site:zhihu.com,2,视频直播 - 知乎,http://www.baidu.com/link?url=AaOMLWIUgYIDr2uvXPAeAhBQZkmiFydNJD6xjyo-CK3B_NXWoHhYJJfmtjZven_3381bGARglUoNjYIVq-VS8q,"也就是在线直播,基本上与电视直播同步,稍微慢个1-5分钟.其主要依靠互联网及流媒体实现直播。我国现在有PPS、PPLIVE、UUSEE和QQLIVE等实现视频直播的平台。 ...查...",电视直播 流媒体 视频 互联网 基本上
直播 site:zhihu.com,3,直播- 知乎,http://www.baidu.com/link?url=n03bmc1RSwTXLZpo-h0LKB_Pgr8x2g6u0x2JUuXQd0gvH74iGftvr_qK_XpSe5S0,"2020年10月13日 做直播已经有个把月了,可直播间里的人却寥寥无几。“啊,真烦啊,” 我挠着脑袋,窜进了视屏网站上最火的主播的直播房间,看看人家,随便说几句话,向粉丝摆几...",个把月 视屏 直播间 粉丝 房间
直播 site:zhihu.com,4,直播是什么?直播怎么赚钱? - 知乎,http://www.baidu.com/link?url=do8Gd7zfFWTAR57o0lI4dC_L92eGH5JnnmVID_2G4o9zOKmd9eqrQeN1jdWbmFiz,"2019年10月12日 等等的问题,在我看来直播是一个行业,一个可以谋生的事业,它和餐饮业、物流业、公务员没有什么区别,都是时代发展的所需的一种行业。既然是一种行业那么...",行业 餐饮业 物流业 公务员 所需
直播 site:zhihu.com,5,什么是直播? - 知乎,http://www.baidu.com/link?url=2vnfxCVDtYoZvZKC4F2ihIIDqO8eindAUZH6umPt6x2-h-t7TOT5AQ6tmqpHQZnH,2020年10月6日 直播的本质 不过是一种技术手段 将实时发生的事件打破空间的限制 同步展现给其它观看者 但是直播又不仅仅局限于此 一旦和其他事物相结合 ...,技术手段 局限于 本质 事物 事件
直播 site:zhihu.com,6,网络直播 - 知乎,http://www.baidu.com/link?url=hOLZbiokkN4LjU1Ny93X5M1T1E83qTHt0E-n5AuQPL3HZgoDTtzxUuKKwUwXtb0SVORcTFwMBybdZRr0I3x4oa,"近期,我们注意到我站up主“松鼠打不过仓鼠”在11月29日上传B站的视频中(av号16763170),指出某直播平台主播“五五开”(本名卢本伟)在直…阅读全文​ ​赞同6...",卢本伟 仓鼠 松鼠 本名 全文
直播 site:zhihu.com,7,"直播,品牌力增长的下一站 - 知乎",http://www.baidu.com/link?url=U-fogHI8ioRnKGQXqQTHP4T_PFQYts70RPsdnzNfstim8tRL86yGPAWf1kg2N7-I,"2020年5月19日 2019年,戛纳电影节期间,欧莱雅、ELLE、太平洋时尚联合开了一场#零时差追戛纳#直播,吸引粉丝从4000飙升到28.1万,同一时段5w在线互动。",戛纳 欧莱雅 粉丝 电影节 时段
直播 site:zhihu.com,8,关于直播 - 知乎,http://www.baidu.com/link?url=BjkB_DC1_oRRSNwvNkjrU4w_yfloXt_PdRdTXboT30fJk08BYm4_bqfaK_emhRbfygoWXlPguKJnioVzKnFiaK,"每天一篇文章,关于娱乐直播,主播经验,主播培训,免费辅导主播 01 兼职做直播 很多新人问我“把直播当副业如何”,我想跟你说:千万不要做,浪费时间。 其实直播不在于...",浪费时间 副业 新人 文章 经验
直播 site:zhihu.com,9,上直播 - 知乎,http://www.baidu.com/link?url=Bn9m0EcV6Ezo-EdsEe7mUBOkTGIjkA9UYDax-_48HdyZw6gBz6CZnsNOUy9W6t_-2qB7Sz_vXnZiIUKyC58V5a,"近日,上直播与稿定设计达成战略合作,双方将持续探索企业视频直播与商业设计领域的跨界融合,为双方的使用受众提供更多元化的视频直播和在线设计领域的使用体验,共同推动视...",视频 稿定 跨界 双方 领域
直播 site:zhihu.com,10,有什么在线教育直播平台推荐? - 知乎,http://www.baidu.com/link?url=W3B7StSITDda7ehp63ttTUgi1I30XEtStnqqOARx9YnE06O8pP3mXUblQ6MjlflhZpwA7dJtaTYxULEtDn147K,"2019年10月9日 在寻找一个可以方便直播课程的平台,除性能稳定以外,有几点要求:1. 有白板功能,老师可以用ipad或surfa…",白板 课程 老师 性能 平台
直播 site:jianshu.com,1,直播- 专题 - 简书,http://www.baidu.com/link?url=bZYtHGHc6Y1ZpGvKpanO8wfjet01ysWBqDbwXi9UYeX7DKuKn9UNwvKL_bHPnFJU,葱花饼 10 20 广告 专题公告 大家一起研究直播! 分享到  管理员 夜猫子长胖了 创建者 关注的人(2)  广告,广告 葱花饼 夜猫子 创建者 管理员
直播 site:jianshu.com,2,直播- 简书,http://www.baidu.com/link?url=l5NfUgihDrv1e6Kqh4envYRQ75twVrtUUiIqAacRtFIbOI7kMRHacJtTFMCiH95q,"2020年11月11日 今天,从群里接到老师们的通知,要进行直播作业。心里又激动,又有点担心,生怕出差错。下载的程序我弄不好,只好跑到手机店,去请教专业人士指点。手机店的...",手机店 群里 专业人士 指点 作业
直播 site:jianshu.com,3,直播- 专题 - 简书,http://www.baidu.com/link?url=b5HErHUXEuQOwqVOlb6_bwIeUjw1TM4TXZTxITU3dBe8eTFIdoKlxmUUEdG2zyEA,【如何快速的开发一个完整的iOS直播app】(原理篇)  目录【如何快速的开发一个完整的iOS直播app】(原理篇) 【如何快速的开发一个完整的iOS直播app】(播放篇) 【...,原理篇 目录
直播 site:jianshu.com,4,直播- 专题 - 简书,http://www.baidu.com/link?url=fCdamHYl0BMFmmS4V3hJu3XRwY6wJgaq9P3KHuwjQSpgzRz9MUHAqmedh76j02zS,"mac下搭建nginx+rtmp 直播测试服务器  一、Nginx 介绍 Nginx是什么? Nginx是一个非常出色的HTTP服务器,具有占用内存少,高并发的特点 二、Nginx安装 1.克隆g...",服务器 克隆 内存 特点
直播 site:jianshu.com,5,直播- 专题 - 简书,http://www.baidu.com/link?url=h5-cJKyW7tncGFVUA9l5Q2AMtJcv0W3GEf5iNL4UStycGIOlH6Z6AsBTBxguQwnl,"编者按:直播越来越渗透于人们的日常生活,从体育赛事到日常运动都有视频直播的需求,而体育赛事直播有它的特殊性,包括:比赛视频等数据的采集、直播视频...  七牛云 ...",体育赛事 视频 牛云 编者按 特殊性
直播 site:jianshu.com,6,直播- 专题 - 简书,http://www.baidu.com/link?url=XUlPTIRUSEuUix_XwaJEkP3ps4OH9w6Xn2vza4aouXDzJMD5RjrN-NvcY291bug3,"背景 去年( 2016 年)被称为直播元年,各类移动直播平台如雨后春笋冒出,不断满足人们对强交互、高实时性的新媒体载体的要求。直播过程中所涉及的...  0.6 七牛...",实时性 载体 平台 媒体 背景
直播 site:jianshu.com,7,直播- 专题 - 简书,http://www.baidu.com/link?url=uPfb5_Hjou3wmdOukFgF8ZRmjVpeRMWobEAB5XmcjclJ_QGO0QBUyPtaF5szOnUy,"七牛云直播node.js业务服务器之快速开发  前言 业务服务器主要是跟七牛云直播平台进行交互,做流的管理,可以理解为用代码实现七牛云直播管理平台。业务服务器主要处理...",牛云 服务器 业务 平台 做流
直播 site:jianshu.com,8,直播- 专题 - 简书,http://www.baidu.com/link?url=HLrC0bvO9cpV9TRrxnQEO6N1yUfyk8O5FNy0CpeXCRSkH3rN-HDXIE2DRVUUthvR,"如何快速搭建一个完整的移动直播系统? 移动直播行业的火热会在很长一段时间内持续,通过和各行业的整合,从而成为具有无限可能性的行业。主要因为以下三个原因: 第一...",行业 火热 可能性 系统 原因
直播 site:jianshu.com,9,视频直播 - 简书,http://www.baidu.com/link?url=no9s3b1Ei2jmW95hrnRIvpq7xlTYtMMhfPDJaFUDC-f9KAFlXWdGwyKg4h1zmWcC,"2017年2月17日 先执行SDK层的退房逻辑,成功后请求服务器关闭业务层房间,成功后接收到直播间关闭的消息,然后主播和观众在接收到这个消息之后都跳转到结束直播的控制器...",直播间 消息 控制器 服务器 观众
直播 site:jianshu.com,10,直播- 简书,http://www.baidu.com/link?url=OQE4-eEMxRaQrF-867-VIKjARIZpFDieBoDlDF8lp_fjMTioTV2S9RgS774emale,"6天前 直播现在非常的流行,通过直播我们可以买到各地的特产,各种商品,还可以了解到和我们不一样的生活。 各地的主播通过自己的直播介绍当地的特产,人土风情,...",特产 人土 风情 商品
直播 site:,1,斗鱼- 每个人的直播平台,http://www.baidu.com/link?url=VNB8frygkFvme0q3586KA8fW--CeRF0GP8BBpprYXGq,"斗鱼- 每个人的直播平台提供高清、快捷、流畅的视频直播和游戏赛事直播服务,包含英雄联盟lol直播、穿越火线cf直播、dota2直播、美女直播等各类热门游戏赛事直播和各种...",赛事 游戏 斗鱼 高清 火线
直播 site:,2,直播网,http://www.baidu.com/link?url=hj6ZpUShjNbh5avyw17UAAcm6VEB5KtaUkRplJrbyZHmfiYJzRHIwxBQWa-9XNm0YULyEXFEA8z2l2Sw5yFN3aQN2BAYtmQO9ctrQPtfTbK,"重庆分类目录网提供直播网类似相关网站搜索结果共有25个, 让您寻找到更喜欢的直播网的内容分享与收藏!",分类目录 网站 重庆 内容 结果
直播 site:,3,直播云_直播SDK_直播API_直播云服务价格_Ulive - UCloud中...,http://www.baidu.com/link?url=ceP52bv1f5V0rRBf0Uw-R-L02ne1eGiEUt6LUeZ0WX23fRb694oM2AOU_VUvcTNbU2AI8uLaOEzHVBPUMOTywq,"直播云(ULive)是UCloud为互联网直播应用提供超低延迟、流畅高清、高并发的整套解决方案。直播云服务包括实时转码,切片存储,分发加速,内容保护等核心功能。带给终端...",转码 高清 切片 解决方案 终端
直播 site:,4,直播软件你懂的不收费_site:www.yfpac.com,http://www.baidu.com/link?url=m-Gd5vA1WgJz6lDnLAIpo0sW70Vicjzj0R_C9aopEho9SqXdCs9FKTDwprVXlKjDGTawTg0o58pr0j05veWM_IMPkxHa4HKZXlsvqZb-CZ7,3天前 直播软件你懂的不收费�.中信银行杭州分行高效完成首批疫情专项补贴资金代付 http://img95.699pic.com/photo/50097/2699.jpg_wh300.jpg?91715 ...,疫情 专项 收费 软件 补贴
直播 site:,5,23直播网 www.23zhibo.com - 直播主播,http://www.baidu.com/link?url=o9BJ_UEOxpkwV9o0NsqfbrhLtEQhG1clLgmiFTVQ6isE8KWdnak3G5M26TtYRVJFzAkIo1IZTzX7R1CmlnQ_hK,3天前 23直播网是球迷们自己的体育赛事直播、录像平台。在23直播网你可以无障碍地观看各种体育无插件直播比赛、足球、篮球、网球、英超、中超直播、世界杯、...,插件 体育赛事 英超 网球 篮球
直播 site:,6,人民网-直播,http://www.baidu.com/link?url=m7_QmxQQg9saheQutmZ8JZpMIFtWFYlEzn1WgGnkAEoMuQuyf5hMm_TBjnl5YkUNkhIdbJpQgS9QrR_O_rw4I2zUCxnCn-bzXnTUuAiGWfi,"现场直播:从农民工入会谈工会建设与改革 随着市场经济体制改革的推进,我国在城镇务工的农民数量急遽增多,根据有关资料,目前我国离开户籍所在地半年以上,进入城镇在...",现场直播 工会 农民工 户籍 市场经济
直播 site:,7,视频直播_网络视频,http://www.baidu.com/link?url=aW8Xow1hW_11UfunQ4yJARylNpPzrGPA6GFzZ9wh3wAvkvwyz9v56syBCi1jRR05yA1XJWWGdYevVrK3QvNsW_94hBtPMmT5fmlCBNfzpl_,您的位置:首页 >> 视频直播 COPYRIGHT@2008-2018 甘肃庄浪门户网站群 版权所有 陇ICP备10200285号 主办:中共庄浪县委 庄浪县人民政府 承办:庄浪县融媒体中心 联系...,庄浪县 庄浪 门户网站 版权所有 县委
直播 site:,8,比心直播主播,http://www.baidu.com/link?url=eV8rcGa-gXUtnrhV5lPDKKq1o4msolZn6vUU7gzvTKcIAPqPyKVjzIV6RC-aIFSueSqSUIywt2VwiZ75hymILK,"Website : company.co Email : hello@company.co 比心直播主播 The ground rocked, and collapsed. Many of the undead fell into a new ravine that extended...",
直播 site:,9,据说还有b站直播?https://msite.31huiyi.com/m/mobisite/z...,http://www.baidu.com/link?url=BHr-lS2A580yQHQBE1OjbkS7rtsp67DyDnTBUDnE4mphXQ62mXh20MZeUEOLqgML,2020年8月17日 据说还有b站直播?https://msite.31huiyi 只看楼主收藏回复 HellHeck  小吧主 7 据说还有b站直播?https://msite.31huiyi.com/m/mobisite/zdyhtml/19064...,楼主
直播 site:,10,夜直播平台,http://www.baidu.com/link?url=KAWnvBNy8SWuXdoMCfR9sGbn_xI8_2FdvuspPvNffpJEXQ-Xg0XhUE81zRfpCHBfZPi3OqCWFxl70nXJtRBbEq,"『夜直播平台』「不要……不要碰那裏……嗯……不要弄……不要……啊……」女上司拚命地扭動身體,想從我的懷裏逃出去",女上司 身體 平台
游戏 site:zhihu.com,1,游戏- 知乎,http://www.baidu.com/link?url=X_7AGUH8qO0OOUxq9ERWmXgeK1-cqXBUDxndw10iZkos339Gys1fzFwJvDDiZziZ,"2019年8月27日 乐趣:首先要观察他的状态,需求,通常来讲,自闭症孩子会有一些感观需求,比如声光刺激,前庭或本体的寻求等,可以利用来做游戏;比如用彩虹伞,孩子喜欢被这...",自闭症 感观 声光 孩子 前庭
游戏 site:zhihu.com,2,有哪些适合在年会上玩儿的游戏? - 知乎,http://www.baidu.com/link?url=BFh6XSq81OPjqet_a5kqEuxW6twx5PoHLrA2pi9H3tWcFlrhegYgiF3_c88T5w5lsrgykeyQRERaxb_ILP6VE_,"2019年10月12日 此时,所任参加游戏的人员需要迅速的用左手抓住左侧人员的食指,同时也要迅速的将自己的右手食指缩回,不要被右侧的人抓住,被抓住的人将会有奖励哦,抓到的人出列,...",食指 人员 右手 游戏
游戏 site:zhihu.com,3,游戏是什么? - 知乎,http://www.baidu.com/link?url=DH4OudwrDFh6O84aFt_4oKr1zhDXgU6WqZn1DzY8wt0LT1N1lwP7dWzJQyriTZk-,"2017年3月15日 我更拉夫科斯特的说法,不管游戏的内容是什么,得到了什么结局,最终人们的目的是获得快乐,并且学会了如何去获得相同或者类似快乐的方法,同时不可避免的会学会某种本领。",学会 结局 本领 游戏 目的
游戏 site:zhihu.com,4,有哪些可玩性比较高的模拟经营类游戏? - 知乎,http://www.baidu.com/link?url=j4j_61m12yScoMLixewFDEjQxGuv38f_YCk0skApVe1FULprhyNWPEXpZGr3-wJCsTWSTq2E3Zv4Ch2LZGuIha,"2014年5月17日 可以看到,这款游戏对地形改造、游戏难度、事件、商品需求及定价等有基础设置,但是总难度得分是在大多数模拟经营游戏里面很难看见的,范围在新人20%~创业280%。开发商...",游戏 新人 创业 开发商 定价
游戏 site:zhihu.com,5,有哪些不玩会很遗憾的单机游戏? - 知乎,http://www.baidu.com/link?url=q-dLEKt7mB0Y_1a1B3YEPC8nHwLED8y2if9pNxrc3g7IBS0iabPL7STMv47I-01IFSM2WnzJeNOkso6XptvRMq,"2014年10月8日 这个被描述为显卡危机的游戏,本人表示起码我电脑画面开最低还是可以流畅运行游戏的,相当不错的一款FPS游戏,因为纳米装甲让你有很多特异功能,让游戏更有游戏性,剧情一...",游戏 游戏性 剧情 起码 画面
游戏 site:zhihu.com,6,游戏是什么 - 知乎,http://www.baidu.com/link?url=9r2_WtRizT0eq860m7rdHBpLhcXT3CDKMz0FpHndzYXVHfF-Kdi4eLshSx1paKPi,"2020年4月2日 我们设计游戏的时候经常会想,这个玩法怎么做能更好玩,这个系统如何能让玩家投入更多时间或金钱。或者经常感慨:别人做的游戏怎么这么好玩!为了它我吃了好几个月土!",游戏 玩法 金钱 系统 时候
游戏 site:zhihu.com,7,游戏+ - 知乎,http://www.baidu.com/link?url=VeGlrQDbWPpnOLPNStVXQlh8MRkqpfDfrYQ3VI98kkzA6lK5nJZdbZi9QVLdHdc7,"大家好,我是 Jason,独立游戏开发者,目前在澳洲留学,今天为大家介绍我开发的JEngine。 曾经我做过2款游戏,都上过知名游戏平台热门榜前10,新品前5,与此同时,我面...",游戏 开发者 大家 新品 热门
游戏 site:zhihu.com,8,有什么好玩的手机游戏推荐? - 知乎,http://www.baidu.com/link?url=Vygl6gryHkO7e2awqPk8t0cyFgZM220Cat0HmffN_4CszbGr_lqe65MVi9Xhe35aa_yWeMEHR1MAW0udm_v13a,"2020年12月3日 瘟疫公司是很有名很经典的游戏了,不多介绍,没玩过赶紧去玩。 反叛公司是继瘟疫公司的新作。玩法其实和瘟疫公司很相似。喜欢玩瘟疫公司的可以去感受一下。 《流言...",瘟疫 公司 玩法 新作 流言
游戏 site:zhihu.com,9,游戏设计 - 知乎,http://www.baidu.com/link?url=QXfqmznAh64ZCzgumg_W2jDFXOTNtT0xAp-UYmZlXGQChSUKaWkp6M20CFHXilCW,"游戏设计或游戏策划是设计游戏内容和规则的一个过程,好的游戏设计是这样一个过程:创建能激起玩家通关热情的目标,以及玩家在追求这些目标时做出的有意义的决定需遵循的...",游戏 玩家 目标 过程 策划
游戏 site:zhihu.com,10,游戏- 收藏夹 - 知乎,http://www.baidu.com/link?url=DCPdmEE9gkuSzxwAEiuzGOy2qvevbXkt6Bu7JngnflpRfVI8WWGAoeWYp4CWBlvxTmwC7C8T46cm0TvZgUlLbq,2019年7月28日 无论你的游戏多么硬核!(MC、EVE、围攻、P社游戏……)无论你的游戏多么烧脑!(数独、象棋、P社游戏……)无论你的游戏多么有教育意义!(打字游戏、拼词游...,游戏 硬核 烧脑 拼词 意义
游戏 site:jianshu.com,1,游戏- 简书,http://www.baidu.com/link?url=ORCThsuLjwaIFDAytW4jetFGAVidYEI2xIAe1pf_nPCn7e8TPk2n9h8ngFYGWcKP,2020年11月25日 (你能看到吗 如果是违心 请让我回到过去 如果是游戏 从现在重来一局 这狗日的现实 不想再继续。) 依然相信 是被制作的记忆 是我在玩游戏 还是 我就是...,玩游戏 狗日 记忆 游戏 现实
游戏 site:jianshu.com,2,小游戏 - 简书,http://www.baidu.com/link?url=FhqmNQ9nNvb-kHMt317Oguj3NcxYduHnVPBbKA9NBm0rAHID8mQo1uyof4AI1VXt,"2021年2月13日 腾讯的小游戏魔法卡片,我玩了好多年,最初是跟风,当时qq空间好多人玩,没想到能坚持这么长时间。 期间断了两回,最后无聊的时候还是捡了回来接着玩。 最...",小游戏 魔法 空间 时候
游戏 site:jianshu.com,3,电竞·游戏 - 专题 - 简书,http://www.baidu.com/link?url=kLkBBPdkenFYafpg0-SkfkeHuM46GVdBSQHoBdy6BTFKHXqB6uISIKPx0qNWGzl4ZL8IcZXBobp9Ed3aixQTpq,"少年,一起来玩游戏吗? 投稿须知: 1.本专题仅收录关于游戏相关的文章,题材不限如游戏速报,游戏干货分享,游戏攻略,游戏小说等跟游戏相关文章即可。 2.文章内不可以...",游戏 文章 本专题 速报 干货
游戏 site:jianshu.com,4,游戏简介 - 简书,http://www.baidu.com/link?url=Ou4_XdezeltC_bG0BRX6urvHE1sfHSDvQ6PMCEQtkF2C2VOCEV5toDM9y5uV6YX5,"2021年2月8日 游戏简介 咕咕咕鸽咕咕咕关注 2021.02.08 18:22:58字数253阅读15 【新玩法 全新冒险起航】 次元逆袭玩法中,同服玩家共同参与讨伐世界boss,根据全服伤...",玩法 同服 全服 玩家 冒险
游戏 site:jianshu.com,5,《游戏》 - 简书,http://www.baidu.com/link?url=7YOEtqS2XicS2o2E2m7wRFGOaceVfGLcPYY9U5vXTk6qW8L-jP0LLGBCrCkWVdI5,"2021年2月21日 世间有许多的游戏, 反正不和别人在社会上争, 就和电脑手机在程序上争, 又或者在电脑上和人争。 总而言之一个字,争就对了。 然而争不过,难免要问候对方...",电脑 人争 问候 世间 游戏
游戏 site:jianshu.com,6,【游戏】 - 简书,http://www.baidu.com/link?url=Ow5YZz751jpqBxFbRBCtgCdJnC-qH2bz-Vugi2bnLwIdsnn-hj208443hrLawRck,"2021年2月9日 1、心智化发展第二阶段叫“假装”,反映为儿童对游戏的阶段性热衷。 2、全面禁止青少年碰触游戏,类似于剥夺儿童玩具——他们的“天使”。电子化时代坚持这么做是反...",游戏 儿童玩具 心智 电子化 热衷
游戏 site:jianshu.com,7,小游戏 - 文集 - 简书,http://www.baidu.com/link?url=7lPrlWr7E0nTD3lcMo_qrUJyCy-6gVtejBKZLQvZVmCutoibpVPI7c96qEw93JbZ,"2021年2月16日 简书是一个优质的创作社区,在这里,你可以任性地创作,一篇短文、一张照片、一首诗、一幅画……我们相信,每个人都是生活中的艺术家,有着无穷的创造力。",简书 短文 创造力 任性 艺术家
游戏 site:jianshu.com,8,游戏试物所 - 简书,http://www.baidu.com/link?url=D9MYFERY4JRhGJi3jCRr0KbmvmrLFdOKirnlcRszR57aZC5Q2wR6D_7aADMaYbbj,"2020年12月14日 游戏有戏,套路百变,一起领略游戏爱好者的世界。",游戏 有戏 套路 领略 爱好者
游戏 site:jianshu.com,9,浅谈“游戏” - 简书,http://www.baidu.com/link?url=BMsfVpU1oHGa1l-R1F0C4ItTKPGCYmqgWmRc5QUjjRGZltj04BjoOYQbthvG1vyT,"5天前 游戏又会被分为很多种,有运动竞技游戏,比如赛跑、跳绳、搏击等;有增加团队凝聚力的游戏,比如足球、排球、篮球等;还有纯娱乐无压力的游戏,老鹰捉小鸡、...",游戏 跳绳 排球 小鸡 老鹰
游戏 site:jianshu.com,10,游戏(Games We Play) - 简书,http://www.baidu.com/link?url=uBkiyodQCP-u1XvpMXZOINY0w-1OOvNkUeHKvamLT2cmQ-94CzGwM3KESkozYnFk,"2016年8月30日 小时候玩的游戏和看的动画片,似乎都只属于小时候。如今再拿出来把玩和观看,已经变得没有那么让人快乐。移动的眼睛已经不再会把心思放在二者身上了。 ...",小时候 动画片 二者 游戏 心思
游戏 site:,1,::17173.com::中国游戏门户站,http://www.baidu.com/link?url=fdeXMgXyXCx2UGoq0UhOYb9J3NDRwmpZUIB88v_l3vO,"17173是中国游戏门户站,全年365天保持不间断更新,您可以在这里获得专业的游戏新闻资讯,完善的游戏攻略专区,人气游戏论坛以及游戏测试账号等,是游戏玩家首选网络游戏资讯...",游戏 门户站 账号 网络游戏 玩家
游戏 site:,2,最新游戏 - Official EA Site,http://www.baidu.com/link?url=ag3kjK549aKt7g36gPyjNribHyABZ7LJRG75Zwx8DF6hRvWbn9k3AETEJnsZvuY5,关于游戏 红警OL 关于游戏 FIFA Mobile China 关于游戏 FIFA Online 4 关于游戏 FIFA Online 3 关于游戏 极品飞车Online 关于游戏 NBA LIVE MOBILE 关于游戏 植物...,游戏 红警 极品飞车 植物
游戏 site:,3,为您网站分享的游戏,http://www.baidu.com/link?url=3QfGdQT1RVYH1zDCALB4Iwzb2gP7hI5lDFLv4peop7Gzlj_Zf-3L3zBxGbB3Kd9M20IkCW1rzjaw1TJB_vrvDq,Download games for your website at no cost. Get access to thousands of high quality games that can be hosted your own website. Game publishers get ...,
游戏 site:,4,54647site游戏-54647site游戏下载v1.0-快猴网,http://www.baidu.com/link?url=JMLk-hHzohAf4dk3l5QcY1jkX9NLCAo4HZBsnMKwk8izEMiCB1B8vH2fNQQPk3uuTZfmCi9wSGSZvlT42djdDK,"2021年1月15日 54647site游戏下载,在这里为大家带来的是54647site游戏最新内容,一起加入这里有趣的闯关过程,这里有规定的时间需要你去完成任务,只要能胜利就可以得到大量的金币为你...",游戏 金币 任务 内容 大量
游戏 site:,5,网络游戏:叶子猪游戏网-网络游戏门户,http://www.baidu.com/link?url=PSvUmZ_pCPKU3BMKgn3tx2Uqn3zSi9IBX5kOq0SgWPa,"叶子猪游戏网是网络游戏门户网站,主要为游戏玩家提供网络网页游戏资讯,游戏攻略,游戏内测号,游戏激活码等等,同时还提供网游下载,单机游戏下载,网络游戏截图壁纸等下载,...",游戏 网络游戏 游戏网 内测号 激活码
游戏 site:,6,54647site游戏-54647.site破解版-54647site游戏大全_三国...,http://www.baidu.com/link?url=brGXl9Mqu2IqJqxmE3XFDUzrifiT-qIKj5AnI_-YUkuHa4tNTIx6SIaSs9c9XJ5R,"2021年1月23日 54647site游戏是最近比较魔性的手机游戏,游戏汇总包含了超多不同的游戏玩法,并且在里面各种汉化游戏以及破解版资源游戏都可以在里面玩,是很多玩家都有的一款游戏平台,...",游戏 魔性 破解版 手机游戏 玩法
游戏 site:,7,"SCPsite-19游戏下载,SCPsite-19游戏汉化安卓版 v2.33-手游汇",http://www.baidu.com/link?url=6F6Ub84QYlTy5UzZ59M9-wFh0qhmX6IMJ4xm3d2o8Nj7bLbeppEYoEuVvi7ZVIcR,"2020年6月23日 SCPsite-19游戏是一款玩法非常不错的恐怖类逃脱游戏,想要从地图上直接逃离,怕不是那么简单的事情,里面的怪物还是非常多的,不过还好有枪械可以使用,只...",游戏 玩法 枪械 怪物 地图
游戏 site:,8,浩动游戏管理后台 - Site,http://www.baidu.com/link?url=0IUkK8Yl2Yp1hfCw9VSnfgQPzHe7xl-KqQ0g5_DPTh7omWFoMgqIIxG4GEwQlnm7,"浩动游戏原名点点乐(DDLE.CN),是国内一线广告平台赢告无限的兄弟公司,有健全的互联网产品代理和运营资质,并且有着近十年移动互联网渠道资源的积累,可以快速的将代理...",互联网 赢告 产品代理 点点 资质
游戏 site:,9,又一款scp游戏?|scp:site19_哔哩哔哩 (゜-゜)つロ 干杯~-b...,http://www.baidu.com/link?url=ttjQKLZ3GJt3XJUPxA6-BFOsKGrI4D-soFYMzWCZcmIHur4FFdN9FYIrHWOMckP0tL3jO_GqS77PmeYnDKJcKK,"又一款scp游戏?|scp:site19 关注 00:00 / 04:44 自动 720P高清登录即享 480P清晰 360P流畅 自动(480P) 倍速  1 人正在看 , 2 条弹幕  请先登录或注册...",弹幕 高清 游戏
腾讯 site:zhihu.com,1,腾讯- 知乎,http://www.baidu.com/link?url=oR9wwfY1mfcK0z-QxE_33TVjZdXbFkSkwHctZjMCvzziftqS6Zjf8nl-pu-C3aETgGFdJS6PPF8UcJRAV3l-UK,"如果这个人真的是腾讯员工,我觉得他给腾讯带来的损失可能是近3年来都无法挽回的。 1、以上的套餐问题比喻得好啊! 可是仔细一想似乎不对啊。 用户和你签订会员协...",套餐 比喻 会员 员工 用户
腾讯 site:zhihu.com,2,在腾讯工作是一种什么体验? - 知乎,http://www.baidu.com/link?url=qsN2zXgflb8EbZdyeF3LyVmXPKHqT7N8SYTV12mqY3m4pNuHukMj48NONUsambiSlDXidIh1gC11wxP_vJDgFa,"2020年9月1日 在腾讯上班,如果用几个词来表达下,大概可能有这几个: 1、自豪感,跟亲戚朋友说你在腾讯工作,还挺有面的,特别是这几年微信下沉和老年人覆盖越来越多,会更有感...",亲戚朋友 老年人
腾讯 site:zhihu.com,3,腾讯技术 - 知乎,http://www.baidu.com/link?url=NeqIEWKmHkcBtuMOfSL7Bwirp0HRAnItS9AFRBhUysuc2U334x-QQoqcc8JmQf-i,专栏腾讯技术 写文章 腾讯技术 跟腾讯技术相关的文章都在这里了 腾讯技术工程 · 217 篇内容,技术 写文章 专栏 文章 工程
腾讯 site:zhihu.com,4,腾讯技术工程 - 知乎,http://www.baidu.com/link?url=vxR9jVW0WUrAbEJ5McpP9VqEwRuTCGNb12YGssGQaOAHwdwv4bkZt6DflrNVo4KGVVqb5KZ0ONUXRnDvmTvyfK,"作者:richardyao,腾讯 CSIG 后台开发工程师 并发编程中,go不仅仅支持传统的通过共享内存的方式来通信,更推崇通过channel来传递消息,这种新的并发编程模型会出现不同...",编程 共享内存 后台 工程师 模型
腾讯 site:zhihu.com,5,在腾讯工作是一种什么体验? - 知乎,http://www.baidu.com/link?url=KNQ_bXOKD6hXeBGRuXJp7KJJk6ZDr_YyBDq93CzQDcIHuadn9RXaXgYQmkIs9BFH,"2019年7月16日 腾讯,就是第二次圈地运动中的最大受益者,成为“全行业的敌人”,却也奠定了它的辉煌。 今天,水哥就从江湖地位、工作环境、组织架构、激励体系、成长体系、企业文化...",水哥 体系 受益者 架构 圈地
腾讯 site:zhihu.com,6,为什么腾讯的第一大股东是一家南非公司? - 知乎,http://www.baidu.com/link?url=MAZGEkC-dvMd4-lyMnYLSo06mSN29AcHEOLjTV_l1N-Klo63OlwA7U29idDFYcXIOdrKILHDvD5jpQRN9sKCSK,"2020年7月17日 他第一次来腾讯见到马化腾的时候,大吃一惊,在他看来,他要进的这家公司的老板更像是他的一位学长,他当时甚至认为,腾讯的另一位创始人曾李青是老板,当然,这...",老板 学长 马化腾 曾李青 创始人
腾讯 site:zhihu.com,7,腾讯工作待遇如何? - 知乎,http://www.baidu.com/link?url=F3f8tJvwWngnf1v8SiRK59u43PFo54yCKwAvIBsB9G_UdBtTZNGNdhCRNnehZ4isKuamXxJhgZm65RZFtNBby_,2020年11月10日 ​好问题 49 ​10 条评论 ​分享 ​ 96 个回答 默认排序 白熊店长老杨 欢迎大学生到主页找我免费咨询求职 691 人赞同了该回答 作为腾讯离职员工来答一...,白熊 主页 排序 大学生 长老
腾讯 site:zhihu.com,8,在腾讯工作是一种什么体验? - 知乎,http://www.baidu.com/link?url=NSxBiNKoKQEAamgZA7mBDRhf0JfhWmN-eJIttFCTKjFkmgjP_-mUtGULPpIgBEIl5JU9vqH8ZV0_SPWrNFTvycIm6trM6a9mGlS7wHUQ0Pq,"1天前 腾讯这个企业特恶心,三观不正到了极点。在它用那个什么森林的时候我沉默,因为与我无关。在创造营2021之…",恶心 森林 时候 企业
腾讯 site:zhihu.com,9,腾讯究竟怎么了? - 知乎,http://www.baidu.com/link?url=X4AluyFmb2CGop5rkbaEXj8pv-SUz--OemN9R7w1sT3GNQ7tYX57-_5qHdppdhIQ,"2019年10月25日 然而,B和A优势未变,腾讯的“产品控”,如今却有些名不副实。 腾讯不光很久没有生产出爆款产品,连本该属于它的“APP工厂”称号也被字节跳动横刀夺走。",字节 横刀 产品 称号 工厂
腾讯 site:zhihu.com,10,腾讯有多强大? - 知乎,http://www.baidu.com/link?url=9da537B9oHiJ2lnPvzqrDNvpN4mGtZUL0pjHCOXoehqv6L6NXQnlOaPNc_MkUT9WHKmArq-giPLRl2Qnwr_xn_,"2017年12月6日 16年在新疆喀什一个乡镇的网吧里,远远就能听见一个人不停地用维语和普通话大声说话,走近一看才发现是一个维族少年在玩腾讯出的游戏使命召唤ol,和周围的朋友用维语...",地用 网吧 普通话 喀什 乡镇
腾讯 site:jianshu.com,1,腾讯是什么 - 简书,http://www.baidu.com/link?url=z8ZCzFe-pp9WbgU8SUy5cKffhlf8rASLVMwslVh-obRtJnRq75gz8lW5pEuqyzWa,"2021年1月29日 2010年,中文互联网发生了一件非常著名的事件,3Q大战。这场大战彻底改变了腾讯的思维方式和做事方法。 在这之前,腾讯被网民贴得最多的标签,就是抄袭。...",标签 网民 思维 互联网 事件
腾讯 site:jianshu.com,2,腾讯又摊上大事了? - 简书,http://www.baidu.com/link?url=eGloIdOBimFZq8NhMpabkLZBZxEo-96tBJaZoiQjdUX789Wv9iedrgj5kGM3kXgo,"1天前 最近几天创立腾讯的马化腾上了热搜,而且成了很多家长最痛恨的人。当时我没有看明白,好好地干嘛痛恨马化腾,之后看了这些所谓的家长给马化腾写的信,我算...",马化腾 家长 干嘛 明白
腾讯 site:jianshu.com,3,腾讯方法 - 简书,http://www.baidu.com/link?url=OsCjQelJRi4cbNjuXla3DcPkYyiycC_EvKrcogJsDc5xApFrgmi-Eir3Q-jk4RJp,该书主要分享了腾讯内部的三个团队在项目上取得成功的方法和经验。前半部分花了比较大的篇幅讲述了高管层面上的管理经验。第二个部分讲述《摩登城市》游戏从失败到...,经验 前半部 篇幅 游戏 层面
腾讯 site:jianshu.com,4,"入职腾讯第九年,辞职了! - 简书",http://www.baidu.com/link?url=KzueYjUb0H94Ar0G5QOdD2kYkzDQiNb-see4c_EnP6tV9EU_w7OBWuoVyXlZbbNv,"5天前 下周,就是我加入腾讯九周年,我选择在同一天辞职离开公司,迎接新的事业挑战。 很多朋友都觉得这个消息太突然,毫无征兆;也有朋友觉得毫不惊讶,觉得我一定会有这一天。",朋友 征兆 事业 消息 公司
腾讯 site:jianshu.com,5,腾讯- 文集 - 简书,http://www.baidu.com/link?url=yJxAOcotCLQMRmWMowiMKOadl3Lgp_v43MArY2AItoG1ves3wt7bvFAMQ-0gNmSb,"6天前 简书是一个优质的创作社区,在这里,你可以任性地创作,一篇短文、一张照片、一首诗、一幅画……我们相信,每个人都是生活中的艺术家,有着无穷的创造力。",简书 短文 创造力 任性 艺术家
腾讯 site:jianshu.com,6,腾讯公司 - 简书,http://www.baidu.com/link?url=MbJ6mr4ty7XvQC2ekXifQj7RmOPCaeDel2SbfDiNIgKD01AXOsmzXunOz_o-yl0H3VVxaOA8X24s1ww0509JraiOsuz1pjd8EDdAnpXzore,"腾讯公司  6 关注  0 粉丝  0 文章  0 字数  0 收获喜欢 关注的专题/文集/连载 10 喜欢的文章 0Golang 开发者 田飞雨 收录了202篇文章,314人关注  关注...",文章 飞雨 开发者 粉丝 篇文章
腾讯 site:jianshu.com,7,腾讯为什么能成功 - 简书,http://www.baidu.com/link?url=VIvgWeSXet-8Z5a1fblFb_w8oJX780IoIfQTjhVM8Hrdw-q1odfxm1SAto6N51Wi,"2017年4月20日 我花了三个小时在一个晚上一口气读完了吴晓波花了五年以上时间写出的4908页的《腾讯传》。 《腾讯传》是腾讯官方惟一授权的腾讯企业史传记,腾讯联合创...",吴晓波 传记 官方 小时 企业
腾讯 site:jianshu.com,8,腾讯QQ - 专题 - 简书,http://www.baidu.com/link?url=BUdt99HprscS71shsE9OG_lqOMUgnSu5UbkL4ReGPH7rkwm_NeDA1vEobFhEBT55,"如果你工作或聊天到一半临时有事,需要离开一会儿,关闭电脑或QQ,等回来后再开启又嫌麻烦。那么可以试试锁定QQ。 1、点击 “个性签名” 上方的 ... 0...",电脑 个性
腾讯 site:jianshu.com,9,腾讯- 简书,http://www.baidu.com/link?url=-gHtB4ezFRhzAAj03mat3hy0UT8glT3_jbcNBB_qUvbdkksBFSQtvclJkVdkeym6,2018年1月13日 腾讯 产品 腾讯文智演示demo:演示 http://www.jianshu.com/p/b8c16215a92d,文智 产品
腾讯 site:jianshu.com,10,腾讯(1) - 简书,http://www.baidu.com/link?url=WxpQrNw5C1NMMt_EJugJIIwsrDm1uxvPd7y9S9hj2Tpw-UDICCCUcaNUyICPiqzn,"2019年4月9日 腾讯(1) 天使的流浪关注 2019.04.09 10:06:07字数405阅读22 小Q的减法 描述:给定一个数组,每次输出其非0的最小值,之后数组减去该最小值,不断循环,直到...",数组 流浪 天使 字数
腾讯 site:,1,Tencent - Tencent 腾讯,http://www.baidu.com/link?url=7vzja4_dab5D40I5zEH5zfhXgdXAs_4vKWUZ0eDZo-WdT_vzqj1wFUSMVHq48MMBGx2d_L9LnA0ZA_TwlKrLaK,"腾讯于1998年11月成立,是一家以互联网为基础的平台公司,通过技术丰富互联网用户的生活,助力企业数字化升级。我们的使命是“用户为本 科技向善”。Founded in 1998...",互联网 用户 数字化 助力 平台
腾讯 site:,2,aytis site_腾讯视频,http://www.baidu.com/link?url=RKTIBSDSMxRXOqnASpQVpm39OLg_ocrxLaY7Jh95BBuA-rpbI-AFVygdFpYgKPuLIhQ7rf0FnBXsalMZpPSihq,2015年6月3日 没有腾讯视频APP?立即下载 举报  用手机扫描二维码 去腾讯视频app完成举报 aytis site  Amanbol_aykin {follow1247979263 ? '已关注' : '关注'} {fans...,视频 二维码 手机
腾讯 site:,3,website/产品相关问题 - 腾讯开放平台,http://www.baidu.com/link?url=4sGknKydaDBXFtma4uB-WLnOGV0VfP-VDWbvk_ekhD3sKMfrPvaSvl6zXWxTh-HdzGMkGwjaQN8OkcSHAzoZIkSiMzxMKKCtIp8e5sThICXy5aO3w20WtPv4tIPZS6pvaBGhxg-_9VICEeirlYijKa,"此外,还可以通过说说,相册,日志等开放接口使用户直接在网站上访问或修改他们在QQ空间上的数据,与QQ空间实现更以进一步的互联互通。详见:网站接入概述。",网站 空间 日志 用户 数据
腾讯 site:,4,Qq : Website stats and valuation,http://www.baidu.com/link?url=dhY8wE9oVtTOtTiGq_G8I1QwoOIh3zM0zfEZ2iOFIU9L8qldm5K3R6TXcTDJTHqg,"Qq at WO. Get the complete website information of qq.com including website worth,daily income,pr,backlink,traffic detail,directory listing",
腾讯 site:,5,腾讯内容开放平台,http://www.baidu.com/link?url=KIrEmxCG2y-qbNtnNMWJBoZIOcTPh2wCsAYuunsWWuEJ04RlgL8pO-CKf2rbzC-U06dSgdsRj_jW9xYUs6tJsq,"2天前 相信大家听多了我们说这个好,那个好,工地好、材料好;俗话说耳听为虚,眼见为实,说一万遍不如看一遍来的实在,所以今天小编就带大家一起来看看我们捷诚水...",小编 大家 工地 材料
腾讯 site:,6,"如果要搜索腾讯网站上的内容,则输入( site:qq.com)。",http://www.baidu.com/link?url=IIlRZ5_LgSOZX-sv5zGm8ZDc39c69N9GrdgCXUASz2HoVOhqKxXrRxzeZ_ehWhx3Hmr3OoQVzPbHNHquM9zaIa,"5天前 如果要搜索腾讯网站上的内容,则输入( site:qq.com)。的答案与解析",答案 网站 内容
腾讯 site:,7,"careers.tencent.com - Tencent,腾讯招聘",http://www.baidu.com/link?url=05nCd4v9YktJ07Xu3UviN0ikYzJqQvmAICdRyAXZORdRDR9FRyWiAU4XKLaOYQoa7BXrroK0Cc6Ew-6n6O9Riq,"2020年1月1日 Website Information: Last Update: 01:06:40,October 22,2013  首页地址: careers.tencent.com 网站估价: ￥1,512,778 Next  网站名称: 首页| Tencent 腾讯...",网站 估价 地址 名称
腾讯 site:,8,"如果要搜索腾讯网站上的内容,则输入( site:qq.com)。",http://www.baidu.com/link?url=D_Ak1S-yJy4p1ip2PGMjFtN7i6ZhY7E2OImz-AkidomwAl9rtathOplmYV_MqccUeMqptmt-D6baCIMf3X-ISK,"2020年11月7日 如果要搜索腾讯网站上的内容,则输入( site:qq.com)。已关闭评论 果容入经济学没办法在同一模型中同时讨论效率与公平的问题。() 公共资源配置包含四方...",果容 公共资源 公平 经济学 效率
腾讯 site:,9,腾讯:一花一世界 - H5创意汇,http://www.baidu.com/link?url=Ew_pFr28qQaPAa7vp1o-EJPqEFEhQR8K8KWdLAbflo_aqRpewbCg9KDIGcfKawcM9sXz8b-P1vzdA2s6E-8b3K,"这是腾讯为宣传UP2019腾讯新文创生态大会于3月24日在北京举办而推出的一支视频类的H5。 策划上,用户点击“花开”,进入一段1分45秒的视频,视频讲述了五个故事,...",视频 策划 生态 用户 大会
新浪 site:zhihu.com,1,新浪网 - 知乎,http://www.baidu.com/link?url=YOeLEHjNibnUvklBAeESnc-ZSgKxNf1Eh0D5EMgXknPrWPLfegHMiTi9fG12umY4hkylJ0n6q0T6Kz_2F2Ilmq,新浪网是新浪公司主办的新闻门户网站。主要提供网络媒体及娱乐服务。新浪网以成为世界各地中国人的全功能网上生活社区为发展方向。新浪网为全球用户提供全面及时的中文资...,网上生活 全功能 网络媒体 门户网站 社区
新浪 site:zhihu.com,2,"作为新浪创始人,他为何被新浪开除? - 知乎",http://www.baidu.com/link?url=Oygbcp68KhttW3LIQTf98YrwN6fh0T9Xdmd8wNTWrsJYMNP3ds-IhgXvvGi0x4_A,"2017年8月17日 新浪创始人王志东为何被解雇? 在新浪成为中国最大门户网站的今天,作为新浪创始人的王志东早已被人遗忘。当年与搜狐张朝阳、网易丁磊并驾齐驱,甚至风头超过他俩。当年...",王志东 创始人 张朝阳 丁磊 门户网站
新浪 site:zhihu.com,3,"新浪,还有浪吗? - 知乎",http://www.baidu.com/link?url=OzkIhVUIg3Fg8B4dRmGJbrHIPdEwtztJXOo4E8YmfbpUIS7rq1CSYIypg6HsOLi1,"2020年7月10日 北京时间7月6日晚间,纳斯达克上市企业新浪宣布,公司董事会收到由New Wave MMXVLimited(以下简称New Wave)发出的非约束性私有化要约。该要约提议以每股41美元现金的价...",约束性 私有化 现金 董事会 上市
新浪 site:zhihu.com,4,新浪式原创 - 知乎,http://www.baidu.com/link?url=WH-R6EMBRdkChA7qmpThL_7FnWnuwUhh6CyyF-T45jLXJAf_xdW8tC62xABsojxX,"2014年2月28日 事实证明,新浪方面还是非常重视用户感受的。在这条微博发出去后不久,我就接到了来自微博客服的直接回复: 我怀着好奇的心理点击了这位客服给我的链接,...",微博 链接 客服 博客 用户
新浪 site:zhihu.com,5,新浪微博 - 知乎,http://www.baidu.com/link?url=jxiLuqR3KvraKniex2uq-sdN6cl72st2xxtJlYOE9eHUaLwZn4aUa7ihZcdpqJBV,"微博是一个由新浪网推出,提供微型博客服务类的社交网站。用户可以通过网页、WAP页面、手机客户端、手机短信、彩信发布消息或上传图片。查看全部内容关注...",客户端 全部内容 页面 网页 社交
新浪 site:zhihu.com,6,新浪的职级体系是什么样的? - 知乎,http://www.baidu.com/link?url=drrr2cA7mV_SC0tafmzp9usbdDvt4DXR9Qz30WnKahmICQGRuCBFVOFY9-qWDP9EUmxXwxqdi0luIGODZEaGxq,"2015年7月10日 关注问题​写回答 新浪微博 新浪 百度 阿里巴巴集团 薪酬待遇 新浪的职级体系是什么样的? 新浪微博 40% 知友推荐 · 59,513 人评价 微博是一个由新浪网推出,...",知友 职级 百度 薪酬 待遇
新浪 site:zhihu.com,7,在新浪工作是一种什么样的体验? - 知乎,http://www.baidu.com/link?url=l-UKRbY9ghZydf52rn9McASHHTD8wKW5JhCou2F8WE9PduoQEMeFdftKYiWQO8nTapV6fvOEf8j_tr42vF_1gK,"2019年8月20日 关注问题​写回答 新浪微博 新浪 职场 工作 工作体验 在新浪工作是一种什么样的体验? 新浪微博 40% 知友推荐 · 58,067 人评价 微博是一个由新浪网推出,提供...",体验 知友 职场 评价 问题
新浪 site:zhihu.com,8,新浪微博是怎么一步步衰退的? - 知乎,http://www.baidu.com/link?url=S8iiHI3yvD7OObOGW7-U2wnNGnyN4p-NGzbKaQj5ccgB1ASWnmfk6_bXIKFywcw9ej3FtdvlZjEpcnj41kLjOa,"2017年10月16日 不过三年,新浪微博的活跃率就已经一日一日地跌。现在已经非常不像样子了。 本人做营销,一眼就看出,新…",样子
新浪 site:zhihu.com,9,新浪是如何掉队的? - 知乎,http://www.baidu.com/link?url=XHMgAht9et5wAKso4IR59MXFJmO0T5U8CCHR8DqQp4VyFTBXkABeKrRyRq2rLT6DHkEYc8Di25GWjscsB95Xm1U4DAuxF_487BjBDSPaqki,"2015年10月24日 qq是马化腾的公司baidu是李彦宏的公司阿里是马云的公司搜狐是张朝阳的公司网易是丁磊的公司问题来了,新浪…",公司 李彦宏 马化腾 张朝阳 丁磊
新浪 site:jianshu.com,1,新浪网 - 简书,http://www.baidu.com/link?url=Yg7XLuwyUpR5__rDV8oj0MOO42z2bxO3ivcyRLjDXecuXftqrH0_wz9AHgHqItL7,"2020年5月28日 新浪网 11 关注  9 粉丝  34 文章  38563 字数  1 收获喜欢  1 总资产 文章 动态 最新评论 热门永和大王联手百戏局,打造新式潮范养生Style  大王组局,...",文章 潮范 组局 百戏 粉丝
新浪 site:jianshu.com,2,为什么新浪 - 简书,http://www.baidu.com/link?url=T6TpLnV-zJvBu-5fW6rZ2uRI9YkoKLyZZxpdoiS8qTnV5UvN6egIdfDhtem-mMMU,"2020年9月11日 上市企业担心信息不对称会造成风险折价,所以也不敢采取A/B股权架构:4.当时新浪和搜狐没有经历这么多轮的融资,股权未被稀释。 所以企业家所拥有的股权...",B股 股权 架构 折价 企业家
新浪 site:jianshu.com,3,新浪股票API接口 - 简书,http://www.baidu.com/link?url=BWlzqeEm6mYMRQ3DY-TEmvz_rP-yOyUrXNP8cXBOgFAQvJLtp16DIsgJ25HHMJeQ,"新浪股票API处理 如果想实时获得某支股票的实时数据,可访问:http://hq.sinajs.cn/list=sz002307,sh600928 其中sz002307,sh600928为股票代码加沪深代码 访问上面的...",股票 股票代码 代码 数据
新浪 site:jianshu.com,4,新浪微舆情功能介绍 - 简书,http://www.baidu.com/link?url=dB_4kjnTahe9ECzTgy5rVknLIvBDJvvxc1AwZyE5_wrmTdmrlRqfdCHW1eyYJaK6,"2019年6月11日   新浪微热点又名新浪微舆情,新浪微舆情是中国最大的微博舆情舆论服务平台,提供网页、微博、微信等全媒体舆情信息网以及网络舆情,舆情事件分析等服...",舆情 服务平台 信息网 网页 舆论
新浪 site:jianshu.com,5,新浪浪 - 简书,http://www.baidu.com/link?url=s0noe0NKQyWvcF21FWStRNCxN7xRcpWZa6rNue_-56hl3JDVuHu1aIdYcwvK_3dV,"2017年9月14日 新浪浪 关注了作者 · 2017.09.14 11:54  关注 ThoughtWorks  写了1696245 字,被 120961 人关注,获得了 6087 个喜欢 我们不仅仅是一家软件公司,同时也是一...",软件 作者 公司
新浪 site:jianshu.com,6,新浪爱问总部 - 简书,http://www.baidu.com/link?url=QskMC1fPEJjy8V2uISmCKSCZ4bb416S02ImjgFYFqgUlJlG-eLUfAZrml0WDAJb4,2020年7月2日 新浪爱问总部-渠道经理-黄泽:18218088541微信同号。座机:0755-26918443,同号 黄泽 座机 总部 渠道
新浪 site:jianshu.com,7,新浪微博产品简析 - 简书,http://www.baidu.com/link?url=R5bGF1xAw_gWBm8PW4ZqsfQzvVd1hpWeOAYkvK4JnP1DhWF3CPz1Q5eoiufKI2hO,"2015年7月7日 删掉了之前写的一堆废话,我还是习惯简单明快……尽管字数不多,看起来不漂亮…… 新浪微博,定位其实是一个信息流媒体平台。这一定位是从他推崇大号、名...",信息流 废话 字数 定位 习惯
新浪 site:jianshu.com,8,请问新浪爱问问答怎么做? - 简书,http://www.baidu.com/link?url=l5Sn1v1FYYmXreUk9FolxirIt-sJcgtTjNLy5lDG9StAZqcE-a8AhmmZvShEip2F,"2021年2月17日 请问新浪爱问问答怎么做? 合作电话:13581665528、QQ:532504880(微信同号) 问答营销作为企业品牌口碑渗透强有力的干将之一,能在无形之中增进企业品牌和用户的互动,进而...",同号 品牌 干将 口碑 企业
新浪 site:jianshu.com,9,新浪爱问开户|上海新浪爱问代理商|上海新浪爱问怎么做 - ...,http://www.baidu.com/link?url=O5zYSW8oXu5FV3Vpo36RH1ZxfGAp-N4GrNxC_Rilvm6hwYfz45v4qdYKD8YvXenz,"2021年2月15日 (微信同号) 在同一片互联网冲浪的小伙伴们一定也听说过新浪爱问这个知识平台,毕竟不少营销人员经常用新浪爱问来引导流量,据了解,爱问依托四大搜索引擎与爱问日活...",同号 问日 小伙伴 搜索引擎 流量
新浪 site:jianshu.com,10,新浪爱问总部开户【新浪爱问总部推广多少钱】新浪爱问总部...,http://www.baidu.com/link?url=iy8IZEBpc0YnFpODXRDnZ8gQr4Z5G_BV5_jp0wTsgp5rBCjsIygvu91FWHhg3_5N,"6天前 新浪爱问总部开户【新浪爱问总部推广多少钱】新浪爱问总部电话15829392336 问答推广,是企业常用的互动问答推广方式。它与新媒体推广不同,更倾向与用户...",总部 开户 用户 媒体 电话
新浪 site:,1,新浪财经_新浪网,http://www.baidu.com/link?url=zxVdu2jx9mLZrIncZyIDBcNZoTbYRdxCklj8lSYXA4eUUnbCiprUub9yXlK9oCNw,"新浪财经提供7X24小时财经资讯及全球金融市场报价,覆盖股票、债券、基金、期货、信托、理财、管理等多种面向个人和企业的服务。",财经 信托 面向 报价 金融市场
新浪 site:,2,新浪博客,http://www.baidu.com/link?url=T6nXZGgcOfKz_d8E6pd-fEY1LDiheWXkNCsBhASSd6WBKiY2x-vXIbwrCg-yFMFX,新浪网博客频道是全中国最主流，最具人气的博客频道。拥有最耀眼的娱乐明星博客、最知性的名人博客、最动人的情感博客，最自我的草根博客!,博客 频道 知性 草根 动人
新浪 site:,3,新浪首页,http://www.baidu.com/link?url=IGes425WtWM5oUmk8A-KvwjheofIgQ1ci8zDTUDZbVJRpqGGQKslKu-6HQLZ7Cq5,新浪网为全球用户24小时提供全面及时的中文资讯，内容覆盖国内外突发新闻事件、体坛赛事、娱乐时尚、产业资讯、实用信息等，设有新闻、体育、娱乐、财经、科技 ...,资讯 实用信息 新闻 体坛 赛事
新浪 site:,4,新浪视频_高清视频在线观看_新浪网,http://www.baidu.com/link?url=6Zb2yGgxORh0PnQB_yJWAEFVtQjBhhxFq-oOOY49kzYEmnwE1-4rec_uy3DEZyjw,"新浪视频是新浪旗下的专业视频网站,提供最新、最热的新闻、体育、娱乐、话题、搞笑视频,直播热门体育赛事、明星访谈,汇集海量的电影、电视剧、综艺节目、公开课。",视频 公开课 体育赛事 海量 热门
新浪 site:,5,新浪公开课_新浪教育_新浪网,http://www.baidu.com/link?url=beGjtQgD3w9Pyi4btTrTLovSjVvncUSKrhIiLReaxEl1BZakWOWzIbS3keaCaxuT,"新浪名校公开课汇集哈佛、耶鲁、斯坦福、麻省等全世界各大名校的著名教授视频课程,涉及人文、历史、经济、哲学、理工等各学科,打造网络视频教学无国界分享平台。",名校 视频 公开课 无国界 麻省
新浪 site:,6,新浪女性_新浪网,http://www.baidu.com/link?url=M9PYlHXqtfz97xaVfdMqyIeHay7xhMRoJabgMKTygrnXDn3C1vv5a5jeWnEZvRhe,"新浪女性频道,中国著名女性网络品牌之一,汇集中文地区新鲜的女性资讯,全方位解读时尚、美妆新趋势,倡导健康生活方式,分享动人情感两性故事,引领精致女性风尚,全力打造...",女性 女性频道 风尚 两性 动人
新浪 site:,7,新浪彩票_彩票开奖结果查询_双色球_足彩_竞彩_大乐透_体彩...,http://www.baidu.com/link?url=0uvTosbZNd7m_jvDyNoQMtS3d7uYbMVNOE5_BTiLwGT9eSIImK8Elqv16-8MmvKf,"新浪彩票是国内专业值得信赖的彩票平台,全面覆盖包括体彩、福彩全部的彩票内容,涵盖双色球、大乐透、足彩、竞彩等彩种,为彩民提供彩票开奖结果查询,资讯,彩票走势分析...",彩票 足彩 竞彩 体彩 双色球
新浪 site:,8,新浪城市频道_新浪网,http://www.baidu.com/link?url=UAz6JxNOFc_iEuiOWkINDzRxesHxsTMIYfs9xokmniaJgafLxQQd0qUimEEA3QXo,"新浪城市频道整合各方优势资源,关注城市建设、旅游文化资源、招商引资以及区域经济发展,描绘中国城市的特色及性格,从而打造中国最权威及影响力的城市传播平台,更为中国...",城市 资源 招商引资 中国 频道
新浪 site:,9,新浪图片_新浪网,http://www.baidu.com/link?url=Xwf9buKduuXUzbNs_cxhvoQhiLupEokdBUCKiZ-HDHTFTh_zwkerMf0TPy3OqI1A,"新浪图片频道:以图为媒,速递新闻;在这里,每天看“有温度的视觉”。频道致力于成为中国报道摄影师成长平台。以影像记录中国,发掘历史,感知世界。品牌栏目有《看见》...",频道 摄影师 栏目 视觉 致力于
新浪 site:,10,教育频道_新浪教育_新浪网,http://www.baidu.com/link?url=bOJm1qY3sHaaQPhvA7I9JtFGEGffKx1VQutr4lP7KkyPTXQuIuWJJ3kP48H9U0wn,"新浪教育频道是互联网第一教育门户,为学生及其家长提供一站式考试、升学、择校、家庭教育等资讯、新媒体、产品及服务,设有中小学、国际学校、出国留学、移民、商...",升学 频道 门户 家长 移民
网易云 site:zhihu.com,1,网易云音乐 - 知乎,http://www.baidu.com/link?url=gdqJxTl6EJWw0ziQeSmfaTu1HqwzM4L1BHhIztfb1Xttny_HgSjgxbC34917VP06,"网易云音乐是一款由网易开发的音乐产品,是网易杭州研究院的成果,依托专业音乐人、DJ、好友推荐及社交功能,在线音乐服务主打歌单、社交、大牌推荐和音乐指纹…查看全部...",音乐 网易 社交 歌单 在线音乐
网易云 site:zhihu.com,2,网易云 - 知乎,http://www.baidu.com/link?url=IySHNQ1OT8tKkvX47r0IkwuUZZNRj1VZJql5uPt6KQ9LXmTecb3TNXeWYQez4W4mdJ8MePz5Jkdgub9uaRwP0a,"网易云,网易集团旗下云计算和大数据品牌,场景化云服务和大数据服务提供商。 2018年7月31日,网易云发布了单集群可支持5000物理节点的“瀚海”私有云。...查看全部...",网易 化云 瀚海 服务提供商 数据
网易云 site:zhihu.com,3,“网易云”已死 - 知乎,http://www.baidu.com/link?url=-fcrBb0-DKQknMRcyjuwejT1sfiNyPK_ug5Y5-Lh0qDwMZ1m3zL-c0UX933ZjlVo,"2020年8月1日 不知道从何时开始,网易云音乐开始变成了“网抑云”音乐。 虽然我认为网易云音乐这个APP做得还是挺好的,但似乎现在网易云音乐的评论区开始变得有点不忍直视。",音乐 网易 评论 有点
网易云 site:zhihu.com,4,网易云音乐到底好在哪里? - 知乎,http://www.baidu.com/link?url=9dYLE1qmJUbnX83djjfVIP0scB9rwixbAAKiYf3yARVgHNZbDjs1OD3mQWtomLh6iizDDP1aXsgkT0EuLYFb2q,"2017年3月20日 这么贴心的音乐软件,除了网易云音乐,还有别的吗???可以说网易云音乐所做的一切都是为了用户更好的体验! 网易云音乐里的评论社区算是网易云音乐一大优势了。你听...",网易 音乐 社区 体验 软件
网易云 site:zhihu.com,5,为什么网易云越来越难用了? - 知乎,http://www.baidu.com/link?url=Ae-fOz5GNDqHfF0RHvWQOe08pkRAyhBs0KWlRwMFkqldSyWYPoYjxN9jTZn8qU36Ka9x1IXRVQoJkvs9Bcb7IPRNwNyxb5nwQx6b78aTJuG,"20小时前 之前的网易云界面简约大方颜值高,就是冲着这一点而把QQ酷狗音乐卸载了,而现在的网易云界面看下图(有一种以前用的QQ酷狗的感觉了),而且很多歌曲听着听着没版权...",酷狗 界面 网易 颜值 版权
网易云 site:zhihu.com,6,如何成为网易云音乐人? - 知乎,http://www.baidu.com/link?url=nN42w9IjtOESPXwYcXW62fXNkKUbA8-91b5ii5FyQoNK0Gxg1fvrNSU1YL7yb1MiVSYSZLqJH25yGq9qvNNhvX29ApdAGzhYQczPAsIkZwC,"2021年2月17日 这个不难,但是切记不要急躁,我是一遍过的,我是一个编曲制作人,很早就听说过网易云音乐人,没去申请,…",编曲 网易 音乐
网易云 site:zhihu.com,7,"网易云,你良心何在? - 知乎",http://www.baidu.com/link?url=9ww_j6XtuAxddxZ07TJSgsHYy8tVgaOyD2WJI8lpLX8k55TzKt2jBivm3MSi73ER,2020年5月7日 本人在2019年12月31日通过支付宝在Apple的App Store中订购了“杭州网易科技有限公司”(下简称网易)开发的”网易云音乐“应用软件里的“付费音乐包”网络增值服务。,网易 音乐 支付宝 杭州 网络
网易云 site:zhihu.com,8,网易云 - 收藏夹 - 知乎,http://www.baidu.com/link?url=VEg_Gn9x17WskB2Rr0HoG6rHtITCHoqDVElOYmTUQ_NDJEgKW1RKNo8kk2gwhiNMcjmjPY0YhTKvqr-gaFAR7K,"2019年8月3日 2、""我喜欢你""这句话太轻微 ""我爱你""这句话太沉重 ""我想跟你一起努力""这句话刚刚好 ​​​ ——网易云热评《最好的我们》 3、我爱她是违背常理,...",云热 常理 网易
网易云 site:zhihu.com,9,"酷狗和网易云,你会选择哪个? - 知乎",http://www.baidu.com/link?url=BBaSkLG5e7ePmuqt8nkLU3p8soIm8MYJPgHoZ1shGkcfXW74Y6UitYRJlCvrbMJ_6oajL-WHQpzcS4cP4EL0NmXAnwhXg7YjwJuHkiVRZcm,"2021年2月18日 最开始选择网易云的原因,只是因为我觉得酷狗的那一声“hello,酷狗”很尴尬。 云村的评论里,分享着各种各样的故事与人生。 网易最不缺失眠的夜,孤独的...",酷狗 网易 云村 人生 评论
网易云 site:zhihu.com,10,为什么很多人愿意用网易云? - 知乎,http://www.baidu.com/link?url=2XBWYXR0NzWq_XskDLrhh9Zajak6pmCA3xW5p9dxQ2Ql4f9SQSYRB781CQuJzegrjWPxGHXY9ngzKkg38Co0PK,"2020年4月7日 网易云不重视pc端口 ,更新慢,bug多,ui差,除了评论区操作舒适其他完全跟不上时代感,尤其是bug改进慢,这点我最不能忍 。 app端口也是存在着反人类操作,凭什么pc...",端口 时代感 网易 评论 人类
网易云 site:jianshu.com,1,网易云 - 简书,http://www.baidu.com/link?url=xRAaLr3epII1_R79TR2esyCjJVlqNMaMdKMvVhzKL8tL_6031L_SWtqFlKYANnal,"2021年1月28日 网易云 1.多情的大叔遇到深情的小姑娘,就像钓鱼钓到了白鲸,他不是遗弃你,而是无处安放你,然而你再也回不到海里。 2.很多东西不是你喜欢就能得到的。",白鲸 多情 大叔 钓鱼 网易
网易云 site:jianshu.com,2,网易云热评 - 简书,http://www.baidu.com/link?url=SlB-KR8XuqdopnAZGDXBAZL-TuDRkQiYhLlEUagJhF-jH9iZqbGlddtQ62JCCMz6,"2020年7月28日 ——网易云热评《听说》 2、TiAmo在意大利语中是我爱你。 在法语中却是爱过你。 当我遇见你的那一天,我希望是在意大利。 ——网易云热评《musica》 ...",云热 网易 意大利
网易云 site:jianshu.com,3,网易云api - 简书,http://www.baidu.com/link?url=XWFyP2Jv8OMVtFaK_8Got2VjR_V_d7Soc8PJhgTvXlc8qHRGVDMYxOwoK9vWkTyu,"2019年4月12日 网易云api 这里使用的是网页版的,当然参数需要进行加密的,这里就不讨论了,直接看加密前的参数 1. 歌单 简要描述: 获取个歌单信息,包括歌单、各种排行...",歌单 加密 参数 网页 网易
网易云 site:jianshu.com,4,网易云API - 简书,http://www.baidu.com/link?url=jGLYTpi2xs01qUEY-DhzkAoS38VL1jh4g5XaPc6qNwys4IdFwxxB7hScZYuDpspC,"网易云API Beck766关注 0.122017.04.24 10:01:25字数229阅读9,743 搜索歌曲API: 请求方式:post 请求地址:http://music.163.com/api/search/get/web?csrf_...",网易 歌曲 地址 字数 方式
网易云 site:jianshu.com,5,网易云热评|《一个》 - 简书,http://www.baidu.com/link?url=_XelYGkOSa7bqhsJyuj9RkyqVFPqABxzUBiwHN8Is1cJMbkdp05oNJheurizLQ8j,"2019年10月3日 网易云热评|《一个》 一、 一个人挺好的 二、 好喜欢这句 “没有他的日子只是少了一个习惯, 不过是这世界又多了一个机会喜欢。 ”...",云热 网易 习惯 日子 机会
网易云 site:jianshu.com,6,网易云热评 - 简书,http://www.baidu.com/link?url=p3GCaH5yMwia41thWU_v_UY9cuZUnUkN2_rjZAqf9_3niFmLgSBzrN9sKcbq3rdq,"2天前 网易云热评 欧耶白白啦关注 2021.02.27 13:42:16字数247阅读14 别人稍一注意你,你就敞开心扉,你觉得这是坦率,其实这就是孤独。 我只剩一点爱了,却还要...",云热 欧耶 心扉 坦率 白白
网易云 site:jianshu.com,7,人生篇|那些戳心的网易云热评 - 简书,http://www.baidu.com/link?url=alZ23YcvoUuUkirnrs_8Jrt28aYkE2z18VfmeHpkLDPu4ozPkWofufXLFTLE1M8D,"2017年9月27日 —— 网易云音乐《空白格》热评 3 喝酒不要超过六分醉,吃饭不要超过七分饱,爱人不要超过八分情,但大多数人经常都是喝醉,吃撑,再爱上傻逼,结局是吐一身,长...",网易 爱人 空白 结局 音乐
网易云 site:jianshu.com,8,网易云热评~ - 简书,http://www.baidu.com/link?url=zuVbAWM9rEj1iQTMVPh9qHwQ4SBRA3hI7f6a42WvSwzDLoOXW9OWkrKRlFoHc9vT,"2020年6月7日 05 我真是一个不怎么浪漫的人,我说“我爱你”时,想到的更多的是“我好想被你爱”——网易云热评《好喜欢你》 06 两个人互相思念对方,这样的见面才有意...",云热 网易 思念 见面 对方
网易云 site:jianshu.com,9,网易云热评 - 简书,http://www.baidu.com/link?url=tp3Bu1VIPLVAtlLC4H_Pz8sbUNfCgfksgTQtvB1yUAL8yJMgSsYMW4FM4MVnufUO,"2020年7月15日 ——网易云音乐热评 考试没发挥好,从年级前五十名掉到了一百名开外,爸妈很失望但没说什么,老师以为我早恋了,于是把我的同桌女生换成了一个男生,后来我进入年级...",同桌 爸妈 男生 网易 女生
网易云 site:jianshu.com,10,网易云 - 简书,http://www.baidu.com/link?url=rlO4zKsWnGOC1P3rYXuG8F37NlAPBgWVWx9f4IpPNwco4piWbuv2coIHyiOiTuoS,2020年8月22日 网易云 1.其实你心里早就有了答案 你就是不承认他不爱你 就是不甘心 自己爱了那么久的人最后连个像样的交代都没给你 2.因为不能理解 所以想说的话越来...,网易 甘心 交代 答案
网易云 site:,1,"网易云阅读--海量新闻、精彩资讯、图书、免费小说、漫画,...",http://www.baidu.com/link?url=RnXH41WbwSU3Q8GOYa2CVwsSKBvbnrLYU2mVZEVflI_,"网易云阅读提供丰富的原创小说、畅销好书、热门新闻和文章免费在线阅读和下载。包括文学、传记、艺术、经济管理,官场小说、都市小说、言情小说,热血漫画,旅游、电影杂志...",小说 好书 热血 漫画 传记
网易云 site:,2,site - 网易云,http://www.baidu.com/link?url=WOvRYpB-87sXXzHff3Q3_1zMS_ZVd3xdaGAMnSucrT1ADagrwxjjQgUhH0332t8j,"网易云为您提供site相关产品介绍、帮助文档,与site感兴趣的用户在网易云社区进行知识和技术交流互动。网易云 - 共创云上精彩世界!",网易 共创 文档 感兴趣 精彩
网易云 site:,3,网易云官网登录入口 - 网易云,http://www.baidu.com/link?url=cASeVEUJp1f6AR1r6Ycc-7GjmbH2DnO9y2z8t4DGTrfbCMWfOwvxOrl-SikneRDczJmS7zMWEfesyMa01IPWuC3zrEYCRgoMXotLSbZZ__u,"网易云为您提供网易云官网登录入口相关产品介绍、帮助文档,与网易云官网登录入口感兴趣的用户在网易云社区进行知识和技术交流互动。网易云 - 共创云上精彩世界!",网易 云官 入口 共创 文档
网易云 site:,4,网易云网站 - 网易云,http://www.baidu.com/link?url=JyPW81SBGX0_W8eQwhvWZvTbwwXmasANWkUZUf7TN5pJhXGL0IvAQPCtRi0cV6Ptx9a9bBwe6NenoVysvLq-9aCZxK_rwVkxRxQEvqUi1Ye,"网易云为您提供网易云网站相关产品介绍、帮助文档,与网易云网站感兴趣的用户在网易云社区进行知识和技术交流互动。网易云 - 共创云上精彩世界!",网易 网站 共创 文档 感兴趣
网易云 site:,5,网易云音乐的小站,http://www.baidu.com/link?url=xxrGJVdBMRE05x7rD3R0SQjEebDv8pdtUC5VGTjGj1nBTA8IfkwOB-QMIrMU_bb_,"欢迎光临网易云音乐小站! 停驻片刻,爱音乐的你能发现:这里有你想看的资讯,想淘的歌单,想分享的心情,想参加的爬梯,想要的礼物,还能遇见和你一样喜欢音乐的一群...",音乐 爬梯 歌单 小站 网易
网易云 site:,6,网易官方旗舰店 - 京东网易云音乐,http://www.baidu.com/link?url=hT0FjjEwU0IGEhhiBZyCV6cckBna1I7oCO919WwFyxnQNynYLmcPqeFc6b4OvJQ930W0HsZcJeDT-E0gxhnFba,网易官方旗舰店 京东自营 关注店铺 网易严选 网易云音乐 Type-C数据线 安卓数据...销售联盟| 京东社区| 风险监测| 隐私政策| 京东公益| English Site| Contact ...,京东 网易 数据线 安卓 公益
网易云 site:,7,听歌常用网易云音乐还是qq音乐【miss吧】 - 百度贴吧,http://www.baidu.com/link?url=LosfoHHaq0RCmHDMPI1AWz83w0eoDmMpAciHxmf8N_84xLTZhzWuc_jtVleumrU1,2021年2月15日 网易云  收起回复 来自Android客户端10楼2021-02-15 12:51 website  单字 12  网易云  收起回复 来自Android客户端11楼2021-02-15 12:51 周杰伦...,客户端 网易 周杰伦 单字
网易云 site:,8,如何搜索网易云音乐的评论? - 知乎,http://www.baidu.com/link?url=JlkspJslocoyecg1uzIvmhZkDtmQwL13A_TCudX5dTFfDezMfU8tXoKVwRFYoorW2n7U3rzXAv1DrOQxWES5oa,"2020年3月3日 我想搜索下网易云音乐的评论,但是却没有办法搜索。比如利用site:http://music.163.com ***没有办法搜索…",办法 网易 评论 音乐 利用
网易云 site:,9,网易云音乐网站模板_帮助文档-华为云,http://www.baidu.com/link?url=iGSLJx5j5GvyUnliBwDRXz_l46SFrydrpGADdW2_0Bj7swejzshdVyGDOQ9U21jfZ_xeWH_3NeZ1WYF2SsQK8K,"华为云首页帮助中心W 网易云音乐网站模板 云速建站 CloudSite 华为云建站为您提供上千套网站模板,覆盖上百行业,无论您需要个人网站模版、企业网站模版、电商行业...",模板 华为 网站 电商 云速
酷狗 site:zhihu.com,1,酷狗为什么没落了? - 知乎,http://www.baidu.com/link?url=3WknpO2JhNm1ap3XupwOs8divqAF0JmBU0HsbsfeVmv6N4pmcfK166tPcpE06iczU-eg8bRdETaSvddHH0XgVK,"2019年5月31日 酷狗 72% 知友推荐 · 1,749 人评价 酷狗是中国领先的数字音乐交互服务提供商,互联网技术创新的领军企业,致力于为互联网用户和数字音乐产业发展提供最佳的解决方案...",酷狗 互联网 音乐 知友 数字
酷狗 site:zhihu.com,2,酷狗音乐(公司) - 知乎,http://www.baidu.com/link?url=WJ0xDKPQKO64zsU0LFqV2yTJPSGCxIqE9KG2odv3858P2-HwlqBePgxAnvwM_sEy,"酷狗是中国领先的数字音乐交互服务提供商,互联网技术创新的领军企业,致力于为互联网用户和数字音乐产业发展提供最佳的解决方案。公司的使命是成为亚太地区最大的数字音...",数字 互联网 音乐 酷狗 服务提供商
酷狗 site:zhihu.com,3,"再见了,酷狗!(推荐大家不要使用) - 知乎",http://www.baidu.com/link?url=cQ3i3uBQ3Qn9vtlDXV6uLPypzmBPU_o5pftkrlBg3FupXos9eUd8VeZwMJy2Fg_8,"2019年7月3日 最后,在这里给大家一句忠告,音乐软件最好别用酷狗,他已经变了,不再像当初那样单纯了。 ——一个曾经的酷狗粉,每一台电脑,每一部手机,都有着他的存在。",酷狗 忠告 电脑 软件 音乐
酷狗 site:zhihu.com,4,酷狗音乐 - 知乎,http://www.baidu.com/link?url=-yA37ZAZjMNqe1Nkg57hmJM5cfK4u-NE-RsBwhoFEQP3pAmopPhzs7ZE5EyTh6t4gFiYXl6p8Q71fOH5SOaq9_,"酷狗公司是中国领先的数字音乐交互服务提供商,互联网技术创新的领军企业,致力于为互联网用户和数字音乐产业发展提供最佳的解决方案。 自公司创建以来,一直在…查看全部...",互联网 音乐 数字 酷狗 服务提供商
酷狗 site:zhihu.com,5,#酷狗音乐# - 知乎,http://www.baidu.com/link?url=-7w84IcIaSqaRYmijzqOxc-WkBlUsGQdVHdf73HMSJgijYPuVXMPp-rYj8J9nJufyzeV79SiLeKdKierBaiHsa,"2021年2月3日 知乎,中文互联网最大的问答社区和创作者聚集的原创内容平台,于 2011 年 1 月正式上线,以「让人们更好地分享知识、经验和见解,找到自己的解答」为品牌使命。知乎...",创作者 上线 社区 互联网 平台
酷狗 site:zhihu.com,6,在酷狗工作怎么样? - 知乎,http://www.baidu.com/link?url=lba0RAO3PaCVYp_lq7OI1qrKOFRmRu4gqh70bZiXkmhXIj1sdp_DqJY8Z5jPNW63kZ_tIiIbQiIuanejMy2Bta,"2020年7月31日 酷狗 72% 知友推荐 · 1,770 人评价 酷狗是中国领先的数字音乐交互服务提供商,互联网技术创新的领军企业,致力于为互联网用户和数字音乐产业发展提供最佳的解决方案...",酷狗 互联网 音乐 知友 数字
酷狗 site:zhihu.com,7,酷狗与酷我哪个好? - 知乎,http://www.baidu.com/link?url=k0wbVxo1wvEvQQDbvMeRzS6lx7Zt9oAoYuZ4YZGgOO8dgGqg_rjTWqX02NMcDIIfuXODtnSjGKakr6RsRLB8vK,"2017年4月16日 酷我用了两三年了,酷狗没怎么用过请大神帮忙分析下这两个软件各优劣,谢谢",酷狗 大神 谢谢 软件
酷狗 site:zhihu.com,8,酷狗- 知乎,http://www.baidu.com/link?url=qf_WO0QmewCOC_4BBjIygjJf8ziFqqSDTS_tmO7UE7MF26Z-6jgzzThsZN24LUMNiRrXKRSXTGmp4756w0uKNK,"酷狗  该,要尊重领导但是不要怕领导,不要有奴性。阅读全文​  继续浏览内容 知乎 发现更大的世界 打开 Safari 继续赞同了回答2020-05-10 如何看透人的心理?",酷狗 奴性 领导 全文 心理
酷狗 site:zhihu.com,9,你为什么从酷狗离职? - 知乎,http://www.baidu.com/link?url=aXmLuvfvnVk4xbOfamvz3IGC7b4Qz7gLCNlYaZnbQrLAm0yiXP9Jpn6ZVA-pYZ5VHH48VU9X-T_0fW9NJZ-L3q,"2019年3月9日 酷狗 72% 知友推荐 · 1,695 人评价 酷狗是中国领先的数字音乐交互服务提供商,互联网技术创新的领军企业,致力于为互联网用户和数字音乐产业发展提供最佳的解决方案...",酷狗 互联网 音乐 知友 数字
酷狗 site:zhihu.com,10,酷狗现在真的不行了吗? - 知乎,http://www.baidu.com/link?url=RExyaN2UUpTcBr5vY-R6N1FOXTfDbHxEeKuTaKmebDkWz9XoUwdo0LCJap6uIFjpeHYyN95MpO4itylT3WeakaRTXSbV0AxWpF_EijRz3GO,"2020年2月11日 有一个原因是酷狗每行歌词有字数限制,是12个还是15个来着 这个好像是新加的规定,以前多少字都行 大哥,中文和英文都能这么写,12个字以内 但是,日语的单...",酷狗 都行 歌词 字数 大哥
酷狗 site:jianshu.com,1,“用酷狗的人都是low逼” - 简书,http://www.baidu.com/link?url=wmlKF2RjroEmsWpHz-N__jBAhG3vi3JdCOjinLk7emQfJ3QYuFAJ3iMM9mASlrgS,"2019年2月12日 前两天在酷狗听音乐,顺手分享到了朋友圈。 第三方app的链接分享到朋友圈都是有来源标识的,于是在接下来不久,我收到一条这样的评论: 居然还在用酷狗,你low不...",朋友圈 酷狗 标识 链接 评论
酷狗 site:jianshu.com,2,酷狗- 简书,http://www.baidu.com/link?url=HkTNCRcbs1HPGlM67BA2pbmqCBpr0WNRKrXJR7v-2ea9V-uqP9SvWamv2QJDkQZh,"2015年9月18日 此酷狗非彼酷狗,此酷狗是我养的一条小狗。在别人眼里它是一条普通的田园犬,在我看来它是混血儿。你可以说我故弄玄虚,但它在我的眼里,并不比其它低狗一等。",混血儿 小狗 田园
酷狗 site:jianshu.com,3,酷狗热评 - 简书,http://www.baidu.com/link?url=_NR9EwNP9TUkKAxAP9BwSIBQynmR1nbM9TBmqXq41GGYeDY1bTTNEbwmgiDIiZ-E,"2020年9月10日 来自于帅气的化身在歌曲<<星星失眠>>的酷狗评论 2 星星,本是无感,本是无觉,悬挂暗澈的高空,伴着月光,赐予世界一份安宁。 人,本是善良,本是欢乐,遥望这点点...",无感 酷狗 帅气 点点 化身
酷狗 site:jianshu.com,4,酷狗繁星保卫海岛下载(图一) - 简书,http://www.baidu.com/link?url=_ojo0MWN0tasQbwPoIxkISCWkswdBONWRcZrTyoCASeLTX2xbWraj0XLaB83VMrw,"2021年2月2日 1月7日晚上20:00,酷狗音乐、酷狗直播重磅呈现《国乐大典》广州塔特别现场演出,由著名国乐大师方锦龙与陈军搭档""神仙组合""联袂登场,燃奏新时代。",酷狗 国乐 方锦龙 燃奏 陈军
酷狗 site:jianshu.com,5,我的酷狗音乐时长66903分钟了 - 简书,http://www.baidu.com/link?url=9gCwJ_G3qjxqZxvYliQUPtbZzNXv3tlX3nI2DTlFr_M5M00fkR3fppe_VBScK7gg,"2018年7月21日 我的酷狗音乐时长66903分钟了,在打字的这一刻,数字还在往前走,在播的是周传雄的《末班车》,挺老的歌。 一点也想不起来酷狗账号是什么时候注册的,只记得是很多...",酷狗 周传雄 时长 末班车 账号
酷狗 site:jianshu.com,6,酷狗音乐产品体验分析 - 简书,http://www.baidu.com/link?url=6amHZkdtnQULWCQs7b-si5V7H4G_QSNYhd7CaINBXtwGdcaaVB52AP3umfd-CxrT,"2019年4月21日 现今音乐市场群雄逐鹿,酷狗作为音乐行业的头部玩家推出“听、看、唱”打造多维度的泛音乐平台。但由于播放器主导的刻板印象,目前用户对于音乐播放器的直播和K歌模块感...",音乐 播放器 多维度 群雄逐鹿 酷狗
酷狗 site:jianshu.com,7,Python爬取酷狗音乐 - 简书,http://www.baidu.com/link?url=uHmIu09zeLGb5XX1o6iRzswGWiW2izZ3eWmyyDlEteKD11bGb7coEHOzeGSVY1Zw,"2019年4月22日 在常见的几个音乐网站里,酷狗可以说是最好爬取的啦,什么弯都没有,也没加密啥的,所以最适合小白入门爬虫 本篇针对爬虫零基础的小白,所以每一步骤我都截图并详细...",爬虫 小白 酷狗 加密 入门
酷狗 site:jianshu.com,8,一款Vue音乐盒(包括网易云音乐、QQ音乐、酷狗音乐) - 简书,http://www.baidu.com/link?url=0AD1VIOkxSSi4pCZHSr8XybAnZcMQkUGOBnqf2vPYxfuCnSo4NHNm5T9RNqKDg_O,"2018年4月21日 GitHub项目地址 v-music 一个基于Vue的音乐盒(包括网易云,qq音乐,酷狗音乐) 安装(Install) npm install v-music --save 使用(Use) ...",音乐 音乐盒 酷狗 网易 地址
酷狗 site:jianshu.com,9,酷狗音乐热评君 - 简书,http://www.baidu.com/link?url=OH2cBRUlHbs6fy08nmjlykPXk71v7eEi0Esj1sCAWbpQCIsubhNWMfbIlI7lFsB4,"收容,控制,保护酷狗音乐热评君 加入了简书 · 2019.10.20 12:05 广告 暂无个人介绍 他关注的专题/文集/连载 他喜欢的文章",酷狗 评君 简书 收容 专题
酷狗 site:jianshu.com,10,酷狗音乐API - 简书,http://www.baidu.com/link?url=mvVqYtvQCLx3bivxU_B0ahj4L_5gJvViKfE141XRKiuyGPMnLCZcVFnjs91y9xxt,"2020年8月4日 1.酷狗音乐歌曲搜索 2.获取音乐下载地址 3.获取歌曲详细信息 包括歌词,封面,播放地址等 4.思考 假如通过搜索接口返回了100首歌曲的hash值,如何比较有...",歌曲 地址 音乐 酷狗 首歌曲
酷狗 site:,1,酷狗音乐 - 就是歌多,http://www.baidu.com/link?url=8AUIta6G37fi5BDyGXpo-7sMo3CcOaUVof_-NI2o_j7,"酷狗音乐旗下最新最全的在线正版音乐网站,本站为您免费提供最全的在线音乐试听下载,以及全球海量电台和MV播放服务、最新音乐播放器下载。酷狗音乐 和音乐在一起。",音乐 酷狗 在线音乐 播放器 本站
酷狗 site:,2,酷狗音乐软件官方免费下载_酷狗唯一官方版下载站,http://www.baidu.com/link?url=4Aa0Ikx9p71bMJh222SyrafwJ_zyizYz48XmMMc6zD3YKORjTWiHtn1Gc45FZQZk,"本站是酷狗音乐官方唯一指定的下载站点,主要提供酷狗音乐最新电脑版(pc和mac版)、手机版(苹果和安卓)和平板电脑(ipad版)等创新软件免费下载。",酷狗 电脑 音乐 和安卓 本站
酷狗 site:,3,酷狗直播 | 就是歌手多,http://www.baidu.com/link?url=fYgiOc0OCulZ5Tft-pMoRz7n_3JS4_GVgDird30EJ4886ol_CRF5ndRHAnChKqUx,"酷狗直播,是酷狗音乐的直播平台,提供歌手、主播的视频直播,打造歌手明星的演唱会直播、数亿粉丝的聊天交友互动、高清流畅的直播体验,是一个音乐直播平台。酷狗直播,...",酷狗 歌手 音乐 平台 演唱会
酷狗 site:,4,在线K歌-酷狗KTV-音乐交友社区,http://www.baidu.com/link?url=DLS6CGMG9HzduuwgLLnz3tY0HfxmmkKy6AKJHgsdwZ7,"酷狗音乐推出首款虚拟在线KTV音乐交友社区,超高模拟感K歌玩法让你体现逼真的虚拟卡拉OK乐趣,高质量音频处理让你的声音更好听更动人,现在就马上开唱吧!",音乐 马上开 酷狗 玩法 音频
酷狗 site:,5,酷狗音乐,http://www.baidu.com/link?url=uAYj3X7uQdEV8VrfDTc7nEwbZG9KBflAsJykwWVXszOEnOtk1svR5mvqj6HV-QrqaKHkKyl003y_O6Bz33DSV_,"2018年4月8日 网址大全(www.wzdq.com),酷狗音乐旗下最新最全的在线正版音乐网站,本站为您免费提供最全的在线音乐试听下载,以及全球海量电台和MV播放服务、最新音乐播放器下载。...",音乐 酷狗 在线音乐 播放器 本站
酷狗 site:,6,"怎么直接下载网页版酷狗音乐上的歌曲,在哪保存 - 百度经验",http://www.baidu.com/link?url=6vpIniQbyYkyocnpQQnxQSOEub7P4xVWgh7qCLbTiwjF3fP2ulXH7fEyhy24nvxE4AGI8ESOD6TE2mjEoJa9yOVL5eWz2hjpMb9qawCIWhm,"2019年2月17日 怎么直接下载网页版酷狗音乐上的歌曲,在哪保存,有时候我们在电脑网页版的酷狗音乐听到一首好听的歌曲,想把它下载保存到电脑本地文件夹上,但是发现要下...",酷狗 网页 歌曲 电脑 音乐
酷狗 site:,7,酷狗铃声,http://www.baidu.com/link?url=4K7vXVlVqLtKyX-D_BGIRjcthRjfBM2TWq0UbEFSEe_,"极速播放,不卡不延时,超省流量,比同类产品省60%流量。",流量 不卡 延时 同类产品
酷狗 site:,8,KUGOO WEBSITE,http://www.baidu.com/link?url=JZgdFBe8oVYLyJTxS_D9aNEmdl-QstzjVf8m7EQTaEZbRHHo8bGGMFWmUsSUMnQN,homepage  brands  products  profile  contact KUGOOBAGS.COM Copyright © 2015-2020 all reserved. Power by DedeCms,
酷狗 site:,9,酷狗音乐在线播放器_e性情一线免费,http://www.baidu.com/link?url=mNLQtrxTq92h3c7qwbx3PVAyl9_3ZMZgAAQvcw6q0JS,"44分钟前-酷狗音乐在线播放器,看惯了它的脸也就不觉得它可怕…我充满了生命的欢悦……当我弹奏钢琴时…e性情一线免费…她是绣在屏风上鸟",酷狗 播放器 看惯 弹奏 屏风
酷狗 site:,10,酷狗音乐【正版】入库,http://www.baidu.com/link?url=r2jQZ7ayABfx-rt3JQrStdNQ7d79rMrU7Z405u0knKy0pOqgrfhn6GWKf1NrEdzKGrWF0pI4eqnpSOlR8ru5l7W1kHX1bCG_Kl6sBQmKFgm,"2014年3月3日 服务名称:酷狗音乐【正版】入库 服务价格: 单曲:20元 EP(4-6首):100元 专辑(7-12首):220元。 入库时间:最快1天,最慢7天左右;节假日休息制作时间延长,...",入库 单曲 酷狗 专辑 时间
虾米 site:zhihu.com,1,虾米音乐网 - 知乎,http://www.baidu.com/link?url=9sOMWYC0QFJ8vCPIrG_y5au8xkqZRkt7mXLYT_wliemFD90M9I1POH_BNBf9V6p3,"虾米网是一家在2008年上线内测,以点对点传输技术以及社区互动文化为核心的音乐分享平台。2009年年底开始公测。又称“虾歌网”、“虾歌音乐网”、“虾米”。在这里你...",虾米 音乐网 传输技术 点对点 上线
虾米 site:zhihu.com,2,虾米- 知乎,http://www.baidu.com/link?url=8nKY1WHF0-jfhIhOHpwVrlTXeZ0EDifhllfgSjzC661-2Dn364qRCk70YJXsBHMH,"2021年1月31日 虾米body遇到一个bug,一直都修复不成功 ​互联网 ​广西科技大学 电子信息科学与技术 ​ ​ 查看详细资料 ​关注他​发私信...",私信 详细资料 虾米 电子信息 互联网
虾米 site:zhihu.com,3,虾米电台 - 知乎,http://www.baidu.com/link?url=6wpma1feBJ2YdUYP6Ak6DZnN7CbTDvmLZYy1hyakUvCS_CdI3MuBMSRveJqmNWYj,到底要怎么用虾米 才能听到自己想听的歌~虾米的算法到底是什么。,虾米 听的歌 算法
虾米 site:zhihu.com,4,虾米- 知乎,http://www.baidu.com/link?url=RS_8tCowD-zZoB8JJqdsoLkm2yzo0pu53v5IvDbtm8iCEc3lVqglP6Z9EhPyMSmvchBHnA_SPKvwWi9xK0Fh6_,"虾米  自己能一个人在家学的下去,也挺好的呀。就怕你自己管不住自己。阅读全文​ 继续浏览内容 知乎 发现更大的世界 打开 Safari 继续赞同...",虾米 全文 内容 世界
虾米 site:zhihu.com,5,虾米虾米虾米 - 知乎,http://www.baidu.com/link?url=8_sMBhnnByxoh1GN0OEcHdFBN16Vm59OfESHVcyjR4-FnQ-xmu1XHzpkbedGpMDBYwjs9idnt-H9JDwW1VMX_5SoPt9qpbXgzlRrJWg7Gf3,虾米虾米虾米​ 查看详细资料 ​关注​发私信 动态 回答12 视频0 提问0 文章0 专栏0 想法0 收藏0 关注他关注的人关注他的人 他关注的问题...,虾米 私信 详细资料 专栏 视频
虾米 site:zhihu.com,6,虾米- 知乎,http://www.baidu.com/link?url=bDUCC1hg0oa4Cen-IoBFNIUINX5LOH6H-gIvWsIUwWERyEk7ECfMb25BJ4CnW8MQmI4-JObTN5G-3Q4Ye3fGZ_,"虾米  昨天晚上刚回答过包包问题就被邀请了。在朋友圈买过一个,觉得挺靠谱的,详情可以在我上个回答里看看 zhihu.com/question/2806…阅读全文​ 继续浏览内容 ...",朋友圈 虾米 全文 内容 问题
虾米 site:zhihu.com,7,虾米- 知乎,http://www.baidu.com/link?url=B6-FAy_KTh53mtZ5NfpTSAgBq9sPnMaUP40alxUYg4-vDIoVzbanbyZWVAQNNyLJK5Uqd3eFSefS9ICvlvoCn_,"虾米 网站运营 1 人赞同了该回答 这个辩题有意思呀,今年的奇葩说没时间看一直没看,作为一名幼儿园孩子的家长,今晚回家一定熬夜看这期。 非常想说一下实际生活中的...",辩题 虾米 奇葩 幼儿园 家长
虾米 site:zhihu.com,8,虾米- 知乎,http://www.baidu.com/link?url=mT05GQK-CtVK5QJtSzMEYF_FkKOPxxQmfHqTmrh6Wuoz0BUDM9jHq-87vxklkau6TeE7KaGL7yr_dIt1497ZYq,阅读全文​ 继续浏览内容 知乎 发现更大的世界 打开 Safari 继续回答了问题2020-11-29 上高三了就真的不能玩手机吗? 虾米  先说下我的观点:高三时期能不玩...,高三 虾米 全文 手机 观点
虾米 site:zhihu.com,9,虾米- 知乎,http://www.baidu.com/link?url=J9-KPXRTVVSjqL6bMjiJ7GHhmO2XrN2DxvoAH1sqY2Ts1NgOfh72ZRDOQZYFv_uY,虾米产品汪。热爱生活。 ​互联网 ​ ​ 查看详细资料 ​关注她​发私信 动态 回答0 视频0 提问0 文章0 专栏0 想法0 收藏10 关注...,私信 详细资料 虾米 专栏 视频
虾米 site:zhihu.com,10,虾米- 知乎,http://www.baidu.com/link?url=3Civk_aAHyhH-XZcIBviWezFSg3B0KQrTMSK3_YqLYnpOL3YUBxsLnFh9Z6AJtGx3oz1DBX-KPzV1sViaN1hfq,虾米 建筑学徒 3 人赞同了该回答 有机会去实地看一看就知道了呀…阅读全文​ 继续浏览内容 知乎 发现更大的世界 打开 Safari 继续 赞同了回答2019-11-26 为什...,虾米 学徒 实地 全文 建筑
虾米 site:jianshu.com,1,虾米- 简书,http://www.baidu.com/link?url=QtKq8t52zMCFaQ8xvubtGWav5D-DQItilJQHAmJZjMmV1W54Go9cZMaC5razDijL,"7小时前 今年回乡过年,舅妈给了一堆虾米带回家,说是用自家养的虾晒的。还说千万不要在外面买虾米、虾干。 舅妈说,很多虾米厂做来虾米的虾,都是死虾。很多时候收来的...",虾米 舅妈 带回家 小时 时候
虾米 site:jianshu.com,2,为虾米?! - 简书,http://www.baidu.com/link?url=Zdkbk-u-Q3WjhA1Rhbxg4SEBxVjTzS-5Gqeeg7LAjDczRdWnnP1KlA02DuHCg-0i,2021年2月4日 只为纪念“虾米”这个播放软件 真心不舍 由于很多软件都版权限制在国外真的是帮了我的大忙 可以听到很多好听的音乐 ……要是能让群众投票选择该多好 这么好的音乐...,软件 音乐 虾米 版权 投票
虾米 site:jianshu.com,3,虾米虾米虾米8 - 简书,http://www.baidu.com/link?url=n8wUTYkqf5W7DW1hRqZK0r1jxUsCntLTr8hk2eWo8Y2BDolKNYks3kjsi1i3U4Gz,"2019年4月22日 虾米虾米虾米8 喜欢了文章 · 2018.08.30 14:46  选择悖论思维:如何做出高效选择  踏进超市,琳琅满目的商品在你眼前排列整齐,你还能快速的找到自己想...",虾米 悖论 思维 文章 商品
虾米 site:jianshu.com,4,再无虾米 - 简书,http://www.baidu.com/link?url=moxaxEBeYBOulchuIppKV8DGpk5W_V607NKSDIy5ug3Ootacx3bTaCmjlrj5Ggr_,"2021年2月2日 突然看见虾米停服的消息,一下变得有点懵和伤感 恍惚记起06年Music Heaven停刊,同样的伤感 如果说中国摇滚乐是打开了一扇窗的话,那么对我来说音乐天堂就是一扇了...",伤感 虾米 天堂 音乐 有点
虾米 site:jianshu.com,5,虾米Xiami To Spotify - 简书,http://www.baidu.com/link?url=yseDl3eOATQxUFBfdkrfMVjENq09fT0hA-qWclziTGfb00oSAzBr8L4F4Pw9VqN4,"2017年1月22日 以前一直很喜欢用虾米音乐听歌,后来到了版权管理变的更加严格之后开始使用其他音乐软件,使用下来 Spotify 是最令我满意的软件,但 Xiami 上也存了接近 ...",软件 音乐 虾米 版权
虾米 site:jianshu.com,6,虾米影视 - 简书,http://www.baidu.com/link?url=xF7fZ9BKOuM2_h0mVLfgj1e4NWwXDY-V-beZz-vSP5dP1hIdZf15e3ip4PH3AUzG,"2020年2月14日 虾米影视 喜欢了文章 · 2020.02.14 11:08  健康  2019年感触最深的两个字是健康,毕竟健康是一切的基石... 曾经一想到回乡下,内心就是喜悦。当我的奶...",虾米 基石 影视 内心 文章
虾米 site:jianshu.com,7,虾米音乐产品分析 - 简书,http://www.baidu.com/link?url=hoJVbf82ZflYirHVHsrOc4VJm6ekj6dU1HF0EhaFy7qqHxy0uTpOiZi96v55uZN-,"2016年11月6日 罗列出这几个重要的功能点后,可以看出与QQ音乐、酷狗音乐等产品不同的是,除了满足高音质试听、下载,虾米音乐更注重“发现音乐”,在满足用户最基本的听音乐需求基础...",音乐 高音质 酷狗 满足用户 虾米
虾米 site:jianshu.com,8,虾米2019 - 简书,http://www.baidu.com/link?url=gWWCGcsDFQOIRY1k8On2827jZb0jJTDqswAkHAlj12tzo7ajA-SgYdWfNP0-W9-x,"2020年2月14日 虾米2019 喜欢了文章 · 2020.02.14 04:45  2019-08-03 R语言遇到没有""%>%""这个函数的错误  具体错误: Error in gapminder %>% filter(country == ""...",错误 虾米 函数 文章 语言
虾米 site:jianshu.com,9,虾米米 - 简书,http://www.baidu.com/link?url=3kPUhjlV5HXoLCga-8u75gpmEzWc6s6PAVPZW1wTe-C3vB3akxqGgBMVpwb8vPsG,"2016年4月2日 喜欢独特视角,欣赏真实淡然, 带着青春的倔强和理想,走在路上。微信公众号:jiyi-de-shalou,欢迎关注~",视角 青春 公众 理想
虾米 site:jianshu.com,10,【Python3】获取个人虾米歌单 - 简书,http://www.baidu.com/link?url=hBABmAX_ZzXjpSsQJRojSXtVR59OUdK8yfOpyeh4YDoRFGp-Eqjc_lbueNSJECM1,"2018年6月14日 最近想要在某网站上获取无损音乐资源,并通过自己的虾米音乐歌单来搜索自己喜欢听的歌曲名单 登录前准备 如下图所示,首先找到登录的POST请求(2处,1处为扫码登录),...",音乐 歌单 扫码 虾米 歌曲
虾米 site:,1,音螺·数字音乐新场景,http://www.baidu.com/link?url=jI5Py1xGmdTqPIsT6JBN86GThKIjVqFaxZUpQjTSMtW,"音螺是基于虾米音乐的版权曲库能力,实现音乐内容管理、分发的专业平台。现已与数十家顶级商业平台实现音乐内容分发合作。不仅可以使音乐作品一次性获得更大曝光,还能...",音乐 平台 音螺 曲库 虾米
虾米 site:,2,IT虾米网(www.itxm.cn),http://www.baidu.com/link?url=xEWx2DNIPq8_hzt2yySQPLl_LR-0sSx-QGhF8CFK4EG,"本IT虾米网是一个新兴的IT知识分享和共享网站,IT虾米网会一直致力并专注于为IT技术爱好者打造一个完美的技术交流社区,推动并帮助技术开发者通过互联网分享知识,从而...",虾米 技术 网会 开发者 致力
虾米 site:,3,虾米音乐网www.xiami.com提供高品质音乐MP3的个性化推荐、...,http://www.baidu.com/link?url=wsR03vssF5hQ4sDj7hY7aQLd2ryI_dDPDoNJw8dD1Qoefw5ualWqK6ilZUhEfxZv,"4天前 虾米音乐网|提供高品质音乐MP3的个性化推荐、发布、P2P下载服务,以及线下音乐活动等互动内容。",音乐网 品质音乐 虾米 线下 个性化
虾米 site:,4,虾米音乐 - 阿里音乐旗下品牌 - 在线音乐 - 资源狗,http://www.baidu.com/link?url=sjRScnLixnswnmS75lEX9YiwcFp_41U8bB5QixxknZeKy8f3VH72cNjf9F9bGo6M1kAl-8iYagWVFHYEy6yWva,"2020年12月20日 虾米音乐 - 阿里音乐旗下品牌于2015-09-16 19:00:57收录在资源狗网站,目前已有34065个网友喜欢虾米音乐 - 阿里音乐旗下品牌,“虾米音乐 - 阿里音乐旗下品牌”...",音乐 虾米 旗下 品牌 网友
虾米 site:,5,虾米音乐网www.xiami.com提供高品质音乐MP3的个性化推荐、...,http://www.baidu.com/link?url=YgG3lb3OvhkWV8tp3NmHnGYED6J99tB_9EL0GwFf44Mvukd4PqlSfW-VF84eUnr9,"2019年11月23日 虾米音乐网|提供高品质音乐MP3的个性化推荐、发布、P2P下载服务,以及线下音乐活动等互动内容。",音乐网 品质音乐 虾米 线下 个性化
虾米 site:,6,虾米,http://www.baidu.com/link?url=-THmnxm2pw7pEjP0ei2xMfELXtTssAJaU1I7wZB3C2NOJHvZSATQ6MZLOvJBfroWCXp6xzWhuM2FWB-MLSXTFK,"重庆分类目录网提供虾米类似相关网站搜索结果共有4个, 让您寻找到更喜欢的虾米的内容分享与收藏!",虾米 分类目录 网站 重庆 内容
虾米 site:,7,虾米TXT电子书论坛_www.xmtxt.com_电子书_hao123分类目录,http://www.baidu.com/link?url=mf82i2MbgBLqb5DI9KoM3ZN6-L_xuHiOg425Eurm64BeYv3adDerQCY_DSFKyQibjMj1lZl5bSSib-TS5YBSeK,"2013年3月9日 网站介绍:虾米提供最新最快的电子书下载,txt免费下载,TXT小说,JAR小说,UMD小说下载与交流,TXT电子书免费下载和电子书下载txt免费下载以及txt电子书|tx...",电子书 小说 虾米 交流 网站
虾米 site:,8,虾米音乐(www.xiami.com) - 音乐 - 中文亚马逊分类目录,http://www.baidu.com/link?url=tKm1qCkKxoHv7cYtUcXw7mdOYcwZusYBR-MT8rRjqB1BpbrLB256QzkKX9hECorJ1P03SmQ4MAHoQWJNg4Swe_,"2021年1月28日 虾米音乐是中文亚马逊分类目录(amazzn.cn)收录的一个网站,虾米音乐网站简介如下:提供高品质音乐MP3的个性化推荐、发布、P2P下载服务,以及线下音乐活动...",虾米 音乐 分类目录 品质音乐 线下
虾米 site:,9,【虾米音乐网】-www.xiami.com,http://www.baidu.com/link?url=BplSBrOHImd6wHSwSMQbFgFpy0ZrhCADogJp0Rg4186QjOqvF4E796B522iv8FHbHZaTCNicHZ0UwIG476cgRK,"2021年1月17日 网站描述:虾米音乐是专业音乐内容发现平台,依托专业曲库内容和精准推荐算法,带你发现音乐惊喜,提升音乐审美。平台致力于扶持原创音乐,2014年启动原创音乐扶持项目——寻...",音乐 平台 专业 曲库 原创
虾米 site:,10,XiaMi:虾米音乐分享网,http://www.baidu.com/link?url=13vH3dVIo9yPtCjUHnnrVKrn_mfvZ20p6hZMs56v-eVMZr5E35DwezFbLSunyp8-,"XiaMi:虾米音乐分享网是虾米音乐分享站点,热爱音乐的人都是热爱生活的人,爱音乐的人应该感谢这个时代,应该感谢发达的资讯和传媒让我们可以聆听到如此丰富多彩的音乐。",音乐 虾米 站点 传媒 资讯
